info: experimental features enabled: benchmarks
warning: `feature(generic_const_exprs)` is not supported with the next-generation trait solver
 --> crates/quest-polynomial/src/lib.rs:1:30
  |
1 | #![feature(const_trait_impl, generic_const_exprs)]
  |                              ^^^^^^^^^^^^^^^^^^^
  |
  = note: `-Znext-solver=globally` is currently enabled by default for testing
  = note: reverted the setting to `-Znext-solver=coherence` for this crate
  = note: the currently stable trait solver will be used for this crate
  = note: see issues #160895 <https://github.com/rust-lang/rust/issues/160895> for more information

   Compiling quest-qsvt-cli v0.1.0 (<workspace>/crates/quest-qsvt-cli)
warning: `quest-polynomial` (lib) generated 1 warning
warning: `quest-polynomial` (lib test) generated 1 warning (1 duplicate)
   Compiling quest-sys v0.2.0 (<workspace>/crates/quest-sys)
warning: `feature(generic_const_exprs)` is not supported with the next-generation trait solver
 --> crates/quest-polynomial/tests/remez_static.rs:5:12
  |
5 | #![feature(generic_const_exprs)]
  |            ^^^^^^^^^^^^^^^^^^^
  |
  = note: `-Znext-solver=globally` is currently enabled by default for testing
  = note: reverted the setting to `-Znext-solver=coherence` for this crate
  = note: the currently stable trait solver will be used for this crate
  = note: see issues #160895 <https://github.com/rust-lang/rust/issues/160895> for more information

warning: `quest-polynomial` (test "remez_static") generated 1 warning
warning: `feature(generic_const_exprs)` is not supported with the next-generation trait solver
 --> crates/quest-polynomial/tests/functions.rs:1:41
  |
1 | #![feature(const_trait_impl, const_ops, generic_const_exprs)]
  |                                         ^^^^^^^^^^^^^^^^^^^
  |
  = note: `-Znext-solver=globally` is currently enabled by default for testing
  = note: reverted the setting to `-Znext-solver=coherence` for this crate
  = note: the currently stable trait solver will be used for this crate
  = note: see issues #160895 <https://github.com/rust-lang/rust/issues/160895> for more information

warning: `quest-polynomial` (test "functions") generated 1 warning
warning: quest-sys@0.2.0: Using QuEST 4.3.0 from <quest-install> with /usr/bin/c++
   Compiling quest-rs v0.1.0 (<workspace>/crates/quest)
    Finished `test` profile [unoptimized + debuginfo] target(s) in 5.43s
────────────
 Nextest run ID 855e8caa-0065-4874-8c93-1ed9ef6b3cf7 with nextest profile: default
    Starting 1463 tests across 284 binaries (1 test skipped)
        PASS [   0.007s] (   1/1463) quest-build hdf5::tests::serial_header_admission_excludes_independent_mpi_runtime
        PASS [   0.007s] (   2/1463) quest-build probe::tests::libcxx_fallback_is_confined_to_darwin_clang
        PASS [   0.007s] (   3/1463) quest-build probe::tests::paired_mpi_paths_and_library_order_survive_cargo_translation
        PASS [   0.007s] (   4/1463) quest-build probe::tests::compiler_target_validation_preserves_native_platform_and_architecture
        PASS [   0.007s] (   5/1463) quest-build package::tests::darwin_archive_in_earlier_search_directory_cannot_shadow_selected_dylib
        PASS [   0.007s] (   6/1463) quest-build probe::tests::darwin_link_architecture_must_match_the_cargo_target
        PASS [   0.008s] (   7/1463) quest-build probe::tests::bridge_paths_preserve_spaces_and_literal_cmake_variable_syntax
        PASS [   0.008s] (   8/1463) quest-build hdf5::tests::package_paths_keep_quoted_spaces_and_reject_unpaired_flags
        PASS [   0.008s] (   9/1463) quest-build package::tests::darwin_runtime_paths_are_unique_across_evaluated_and_direct_options
        PASS [   0.008s] (  10/1463) quest-build probe::tests::darwin_sdk_requires_an_absolute_installed_sdk
        PASS [   0.008s] (  11/1463) quest-build package::tests::bridge_archive_directory_cannot_shadow_an_exact_native_library
        PASS [   0.008s] (  12/1463) quest-build probe::tests::rejects_distinct_absolute_libraries_with_the_same_basename
        PASS [   0.008s] (  13/1463) quest-build probe::tests::rejects_unevaluated_expressions_and_order_sensitive_link_state
        PASS [   0.008s] (  14/1463) quest-build probe::tests::explicit_shared_files_keep_exact_filename_and_direct_runtime_directory
        PASS [   0.008s] (  15/1463) quest-build probe::tests::watches_library_and_header_symlink_lookups_as_well_as_targets
        PASS [   0.008s] (  16/1463) quest-build probe::tests::rejects_an_unreferenced_shadow_file_in_an_earlier_search_directory
        PASS [   0.008s] (  17/1463) quest-build package::tests::darwin_text_stub_beside_selected_dylib_is_rejected
        PASS [   0.008s] (  18/1463) quest-build probe::tests::darwin_framework_pairs_preserve_order_and_reject_state
        PASS [   0.008s] (  19/1463) quest-build probe::tests::darwin_link_sysroot_must_match_the_evaluated_sdk
        PASS [   0.008s] (  20/1463) quest-build probe::tests::compile_only_target_and_sdk_overrides_cannot_diverge_from_native_context
        PASS [   0.009s] (  21/1463) quest-build probe::tests::darwin_dylibs_preserve_versioned_filename
        PASS [   0.011s] (  22/1463) quest-build hdf5::tests::darwin_serial_hdf5_emits_a_direct_dylib_runtime_path
        PASS [   0.006s] (  23/1463) quest-build tests::cross_target_is_rejected_before_host_discovery
        PASS [   0.006s] (  24/1463) quest-build tests::native_darwin_targets_and_individual_rpaths_are_supported
        PASS [   0.007s] (  25/1463) quest-build tests::explicit_installation_selection_rejects_package_subdirectories
        PASS [   0.006s] (  26/1463) quest-cfd paired_history::tests::fixed_counts_and_caps_are_checked_before_work
        PASS [   0.006s] (  27/1463) quest-cfd configuration_weak::tests::complex_dense_commutator_and_normalization_correction_are_independent
        PASS [   0.007s] (  28/1463) quest-build tests::admits_only_reviewed_version_precision_and_api_configuration
        PASS [   0.007s] (  29/1463) quest-build rsmpi::tests::mpi_witness_rejects_same_name_different_library_or_layout
        PASS [   0.006s] (  30/1463) quest-cfd history_spectrum::tests::posterior_checker_rejects_wrong_inverse_and_nonfinite_values
        PASS [   0.006s] (  31/1463) quest-cfd configuration_weak::tests::complex_energy_shell_cancels_non_skew_norm_growth_but_not_nonconstant_energy
        PASS [   0.007s] (  32/1463) quest-build tests::obsolete_overrides_fail_with_migration_guidance
        PASS [   0.007s] (  33/1463) quest-build tests::linux_paths_use_direct_runpath_and_reject_unrepresentable_paths
        PASS [   0.007s] (  34/1463) quest-cfd configuration_weak::tests::polynomial_hat_has_exact_constant_and_affine_weak_rates
        PASS [   0.007s] (  35/1463) quest-cfd cylinder::explicit_rectangle::tests::explicit_sides_and_corner_priority_preserve_legacy_source
        PASS [   0.007s] (  36/1463) quest-cfd bdm::retained_payload_tests::complete_fixed_source_accounts_actual_capacities
        PASS [   0.007s] (  37/1463) quest-cfd configuration_weak::tests::nonzero_exterior_trace_exhibits_periodic_coordinate_contamination
        PASS [   0.007s] (  38/1463) quest-build tests::rejects_compiler_flags_and_header_search_overrides
        PASS [   0.007s] (  39/1463) quest-build tests::native_mpi_api_requires_both_mpi_and_subcommunicators
        PASS [   0.009s] (  40/1463) quest-build rsmpi::tests::mpi_wrapper_preserves_symlink_dispatch_name
        PASS [   0.006s] (  41/1463) quest-cfd physical_observation::tests::oversized_owned_label_is_rejected_before_reference_calls
        PASS [   0.006s] (  42/1463) quest-cfd probability_observation::tests::shot_count_conversion_at_exact_binary64_integer_limit
        PASS [   0.007s] (  43/1463) quest-cfd physical_observation::tests::every_capture_ceiling_and_live_source_is_admitted_before_reference_calls
        PASS [   0.007s] (  44/1463) quest-cfd reference_rk4::tests::absolute_stages_and_zero_steps_preserve_existing_order
        PASS [   0.007s] (  45/1463) quest-cfd reference_rk4::tests::analytic_nonautonomous_and_nonlinear_orders
        PASS [   0.007s] (  46/1463) quest-cfd reference_rk4::tests::complete_interval_overflow_rejects_before_a_callback
        PASS [   0.008s] (  47/1463) quest-cfd polynomial::forcing_boundary_test::rounded_equality_does_not_prove_the_forcing_premise
        PASS [   0.007s] (  48/1463) quest-cfd::box_time_data degree_eight_owned_subrange_and_empty_shard_keep_complete_modes
        PASS [   0.008s] (  49/1463) quest-cfd reference_rk4::tests::failures_keep_last_accepted_state_and_count_attempts
        PASS [   0.008s] (  50/1463) quest-cfd reference_rk4::tests::polynomial_lifting_derivative_is_part_of_the_integrated_dynamics
        PASS [   0.007s] (  51/1463) quest-cfd::box_time_data full_constraint_validation_rejects_divergence_and_normal_mismatch
        PASS [   0.009s] (  52/1463) quest-cfd reference_rk4::tests::combination_overflow_and_oversized_callback_keep_the_prior_state
        PASS [   0.008s] (  53/1463) quest-cfd simplex::retained_source_tests::excess_simplex_chart_capacity_is_rejected_by_capture_admission
        PASS [   0.009s] (  54/1463) quest-cfd physical_space::basis::tests::exact_nodal_basis_partition_gradient_and_affine_piola
        PASS [   0.009s] (  55/1463) quest-cfd::boundary_dynamics changing_normal_boundary_trace_retains_lifting_acceleration_in_momentum
        PASS [   0.010s] (  56/1463) quest-cfd::boundary_dynamics affine_boundary_time_is_external_to_the_full_physical_chart
        PASS [   0.018s] (  57/1463) quest-cfd configuration_weak::tests::cartesian_moments_check_mass_chart_and_every_physical_coordinate
        PASS [   0.008s] (  58/1463) quest-cfd::box_time_data source_checks_capacity_inactive_slots_and_time_domain
        PASS [   0.006s] (  59/1463) quest-cfd::carleman arbitrary_width_dimension_and_early_budget_rejection
        PASS [   0.017s] (  60/1463) quest-cfd paired_history::tests::opposite_full_states_preserve_second_and_cross_moments
        PASS [   0.008s] (  61/1463) quest-cfd::burgers full_dg1_burgers_retains_eight_modes_and_conserves_convective_energy
        PASS [   0.006s] (  62/1463) quest-cfd::carleman external_source_matches_affine_lift_and_time_validation
        PASS [   0.015s] (  63/1463) quest-cfd physical_space::mesh_topology::tests::connected_facet_complex_can_still_have_a_pinched_vertex_or_edge
        PASS [   0.006s] (  64/1463) quest-cfd::carleman degree_one_is_complete_physical_state
        PASS [   0.006s] (  65/1463) quest-cfd::carleman symbolic_degree_and_zero_work_limits_are_admitted_before_growth
        PASS [   0.006s] (  66/1463) quest-cfd::carleman physical_defect_detects_inconsistent_moments_separately_from_top_order_truncation
        PASS [   0.007s] (  67/1463) quest-cfd::carleman normalized_symmetric_generator_intertwines_ordered_tensor_with_forcing_and_time
        PASS [   0.011s] (  68/1463) quest-cfd::burgers sip_quadratic_form_has_correct_left_and_right_boundary_normals
        PASS [   0.009s] (  69/1463) quest-cfd::carleman scalar_truncation_converges_and_defect_is_reported
        PASS [   0.006s] (  70/1463) quest-cfd::carleman_recipe lift_depth_uses_recipe_budget_after_physical_kernels_are_compiled
        PASS [   0.008s] (  71/1463) quest-cfd::carleman_certificate nonnormal_means_zero_forcing_and_time_dependence_are_not_false_certificates
        PASS [   0.014s] (  72/1463) quest-cfd::burgers polynomial_matches_independent_split_flux_and_sip_in_both_orders
        PASS [   0.006s] (  73/1463) quest-cfd::cases every_requested_physical_case_family_is_available
        PASS [   0.006s] (  74/1463) quest-cfd::cases unsupported_cylinder_execution_and_unfrozen_reynolds_are_explicit
        PASS [   0.007s] (  75/1463) quest-cfd::carleman_recipe stateless_generator_intertwines_independent_ordered_hierarchy
        PASS [   0.010s] (  76/1463) quest-cfd::carleman_recipe constructor_and_scalar_queries_reject_budgets_domains_and_overflow
        PASS [   0.005s] (  77/1463) quest-cfd::cavity_observations malformed_and_nonfinite_samples_reject
        PASS [   0.009s] (  78/1463) quest-cfd::carleman_recipe temporal_rows_and_scalar_rhs_match_stored_dg1_and_dg2
        PASS [   0.010s] (  79/1463) quest-cfd::carleman_recipe stateless_indices_rows_sources_and_lift_match_stored_normalization
        PASS [   0.005s] (  80/1463) quest-cfd::cavity_observations reflection_uses_vector_parity_and_records_both_secondary_planes
        PASS [   0.006s] (  81/1463) quest-cfd::configuration_diagnostics concentration_gate_is_explicit_and_boundary_mass_is_only_occupation
        PASS [   0.005s] (  82/1463) quest-cfd::configuration_flux constant_density_has_exterior_flux_not_outer_cell_occupation
        PASS [   0.006s] (  83/1463) quest-cfd::configuration_diagnostics nonzero_sample_does_not_establish_resolved_regularization
        PASS [   0.007s] (  84/1463) quest-cfd::classical_history complex_constant_history_is_recovered_and_budget_checked
        PASS [   0.006s] (  85/1463) quest-cfd::configuration_flux full_compressive_drift_and_explicit_time_are_preserved
        PASS [   0.006s] (  86/1463) quest-cfd::configuration_flux ledger_exact_caps_and_accessible_slice_capacity_policy
        PASS [   0.008s] (  87/1463) quest-cfd::configuration_flux duplicate_internal_facets_are_not_exterior_traces
        PASS [   0.009s] (  88/1463) quest-cfd::configuration_flux explicit_caps_reject_before_any_drift
        PASS [   0.010s] (  89/1463) quest-cfd::configuration_flux malformed_norm_shape_time_and_kernel_errors_are_rejected
        PASS [   0.007s] (  90/1463) quest-cfd::configuration_flux polynomial_density_uses_face_quadrature_and_ignores_complex_phase
        PASS [   0.007s] (  91/1463) quest-cfd::configuration_flux nonlinear_cross_coordinate_drift_reaches_the_fifth_axis
        PASS [   0.024s] (  92/1463) quest-cfd::carleman_recipe scalar_order64_and_high_axis_compositions_have_no_recursive_depth
        PASS [   0.008s] (  93/1463) quest-cfd::configuration_weak failed_extraction_reports_attempted_callbacks_not_reserved_maximum
        PASS [   0.030s] (  94/1463) quest-cfd::carleman_certificate corrected_forcing_and_scaling_are_checked_after_rescaling
        PASS [   0.056s] (  95/1463) quest-build hdf5::tests::linux_hdf5_selection_matches_dependency_layouts
        PASS [   0.017s] (  96/1463) quest-cfd::configuration_weak admissions_preserve_failed_phase_and_constructor_overlap
        PASS [   0.007s] (  97/1463) quest-cfd::constraint_recipe factory_accounting_charges_every_generated_scalar_and_rejects_overflow
        PASS [   0.017s] (  98/1463) quest-cfd::configuration_weak declared_inaccessible_state_capacity_is_not_silently_free
        PASS [   0.020s] (  99/1463) quest-cfd::configuration_weak caller_preparation_is_explicit_and_charged_before_any_state_scan
        PASS [   0.007s] ( 100/1463) quest-cfd::constraint_recipe huge_logical_grid_uses_fixed_storage_and_rejects_invalid_queries
        PASS [   0.017s] ( 101/1463) quest-cfd::configuration_weak zero_shape_time_and_every_limit_fail_without_row_execution
        PASS [   0.006s] ( 102/1463) quest-cfd::constructed_resources actual_temporal_matching_has_three_auxiliaries_including_signal
        PASS [   0.007s] ( 103/1463) quest-cfd::constructed_resources actual_inverse_schedule_and_real_diagonal_recipe_charge_repeated_attempts
        PASS [   0.006s] ( 104/1463) quest-cfd::constructed_resources callback_retained_and_scratch_storage_are_admitted_before_optional_inverse
        PASS [   0.006s] ( 105/1463) quest-cfd::constructed_resources inverse_descriptor_binds_actual_nonhermitian_adjoint
        PASS [   0.022s] ( 106/1463) quest-cfd::configuration_weak full_physical_reference_and_exact_nonzero_underflow_are_retained
        PASS [   0.061s] ( 107/1463) quest-cfd paired_history::tests::independent_nonlinear_action_fits_declared_source_budget
        PASS [   0.006s] ( 108/1463) quest-cfd::constructed_resources shared_count_rejection_retains_source_and_does_not_claim_complete_pair
        PASS [   0.005s] ( 109/1463) quest-cfd::constructed_resources source_compile_and_live_overlap_limits_reject_before_counting
        PASS [   0.008s] ( 110/1463) quest-cfd::constructed_resources sampling_admission_precedes_callbacks_and_repeat_digest_is_checked
        PASS [   0.006s] ( 111/1463) quest-cfd::constructed_resources temporal_dg2_constructs_three_nodes_and_padded_rhs
        PASS [   0.007s] ( 112/1463) quest-cfd::constructed_resources zero_rhs_skips_quantum_construction_with_zero_work_budgets
        PASS [   0.009s] ( 113/1463) quest-cfd::constructed_resources unavailable_inverse_plan_does_not_erase_constructed_encoding
        PASS [   0.006s] ( 114/1463) quest-cfd::cylinder approved_3d_cylinder_is_rejected_without_its_actual_boundary_dynamics
        PASS [   0.009s] ( 115/1463) quest-cfd::constructed_resources zero_rhs_still_charges_the_already_live_history
        PASS [   0.036s] ( 116/1463) quest-cfd::configuration_weak sampling_policy_and_dg2_query_rejection_keep_the_full_tensor
        PASS [   0.036s] ( 117/1463) quest-cfd::constraint_pressure pressure_mean_gauge_vector_preserves_every_original_momentum_coefficient
        PASS [   0.090s] ( 118/1463) quest-build hdf5::tests::linux_system_hdf5_without_pkg_config_preserves_serial_admission
        PASS [   0.006s] ( 119/1463) quest-cfd::cylinder_high_order generation_rejects_live_external_payload_before_allocating_source
        PASS [   0.051s] ( 120/1463) quest-cfd::configuration_weak complete_complex_ensemble_matches_original_five_coordinate_expectations
        PASS [   0.068s] ( 121/1463) quest-cfd::cases every_supported_box_case_runs_a_real_full_dg_reference
        PASS [   0.008s] ( 122/1463) quest-cfd::cylinder_high_order unsupported_controls_and_generation_work_reject_without_completion
        PASS [   0.078s] ( 123/1463) quest-cfd::carleman_certificate admitted_bound_contains_analytic_quadratic_truncation_error
        PASS [   0.030s] ( 124/1463) quest-cfd::cylinder dfg_channel_assembles_nonzero_lift_and_balanced_open_flux
        PASS [   0.006s] ( 125/1463) quest-cfd::cylinder_window_example frozen_defaults_admit_full_window_without_claiming_convergence
        PASS [   0.009s] ( 126/1463) quest-cfd::cylinder_window_example rejects_invalid_time_windows_and_full_aggregate_budgets
        PASS [   0.044s] ( 127/1463) quest-cfd::cylinder dfg_cylinder_executes_full_dg_reference_with_geometry_evidence
        PASS [   0.044s] ( 128/1463) quest-cfd::cylinder topology_counts_match_actual_full_dfg_rank_and_scale_without_dense_assembly
        PASS [   0.035s] ( 129/1463) quest-cfd::cylinder_observations cylinder_observations_revalidate_public_metadata
        PASS [   0.043s] ( 130/1463) quest-cfd::cylinder_observations pressure_probe_budgets_admit_before_point_work
        PASS [   0.048s] ( 131/1463) quest-cfd::cylinder_window_example excessive_pressure_recovery_residual_is_rejected_without_dropping_a_sample
        PASS [   0.010s] ( 132/1463) quest-cfd::foundation full_bdm_chart_has_exactly_five_independent_modes
        PASS [   0.056s] ( 133/1463) quest-cfd::cylinder_observations cylinder_snapshot_has_declared_pressure_difference_and_gauge_invariance
        PASS [   0.008s] ( 134/1463) quest-cfd::foundation independent_nodal_and_monomial_assemblies_agree_on_complete_inviscid_dynamics
        PASS [   0.010s] ( 135/1463) quest-cfd::foundation invalid_inputs_and_nonconforming_velocities_are_rejected
        PASS [   0.009s] ( 136/1463) quest-cfd::foundation inviscid_full_drift_is_nonlinear_nonzero_and_energy_conserving
        PASS [   0.009s] ( 137/1463) quest-cfd::foundation overflowing_finite_velocity_cannot_escape_coordinate_validation
        PASS [   0.007s] ( 138/1463) quest-cfd::foundation pressure_and_normal_multipliers_close_all_twelve_momentum_equations
        PASS [   0.007s] ( 139/1463) quest-cfd::foundation viscosity_dissipates_but_preserves_both_uniform_mean_flows
        PASS [   0.007s] ( 140/1463) quest-cfd::general_history dg1_coercivity_preserves_stiff_dissipation
        PASS [   0.100s] ( 141/1463) quest-cfd::cylinder cylinder_angular_refinement_reduces_declared_geometry_error
        PASS [   0.006s] ( 142/1463) quest-cfd::general_history history_rejects_nonfinite_sources_and_underdeclared_recipes
        PASS [   0.006s] ( 143/1463) quest-cfd::general_history manufactured_nonautonomous_history_samples_source_at_every_dg_node
        PASS [   0.052s] ( 144/1463) quest-cfd::foundation classical_reference_converges_under_time_refinement
        PASS [   0.008s] ( 145/1463) quest-cfd::general_history temporal_dg2_supplies_nonnormal_bounds_without_svd
        PASS [   0.009s] ( 146/1463) quest-cfd::history_spectrum interval_reference_certifies_complex_nonnormal_dg1_and_dg2
        PASS [   0.006s] ( 147/1463) quest-cfd::history_spectrum singular_stored_history_rejects_instead_of_certifying_a_pseudoinverse
        PASS [   0.078s] ( 148/1463) quest-cfd::force_recipe fixed_source_storage_and_admission_before_any_callback
        PASS [   0.092s] ( 149/1463) quest-cfd::force_recipe broken_state_viscosity_and_boundary_load_are_not_chart_assumptions
        PASS [   0.050s] ( 150/1463) quest-cfd::kdv frozen_kdv_keeps_the_evolving_auxiliary_field
        PASS [   0.218s] ( 151/1463) quest-cfd::carleman complete_kdv_order_two_uses_sparse_recipe_storage_under_default_budget
        PASS [   0.140s] ( 152/1463) quest-cfd::cylinder_window_example tiny_trace_advances_one_state_and_includes_unaligned_stride_endpoint
        PASS [   0.009s] ( 153/1463) quest-cfd::kdv rejects_complete_state_and_assembly_budgets_before_growth
        PASS [   0.070s] ( 154/1463) quest-cfd::kdv frozen_initial_state_keeps_all_twenty_four_carleman_coordinates
        PASS [   0.008s] ( 155/1463) quest-cfd::kvn_history causal_dg_history_reproduces_constant_solution_and_rejects_exponential_budget
        PASS [   0.010s] ( 156/1463) quest-cfd::kvn_history configuration_manufactured_wave_converges_separately_from_skew_identity
        PASS [   0.233s] ( 157/1463) quest-cfd::carleman_recipe massive_index_space_queries_retain_fixed_memory_and_roundtrip
        PASS [   0.005s] ( 158/1463) quest-cfd::kvn_history tensor_mass_and_observable_overflow_fail_before_success_reports
        PASS [   0.007s] ( 159/1463) quest-cfd::kvn_history temporal_mass_underflow_and_concurrent_assembly_storage_are_rejected
        PASS [   0.010s] ( 160/1463) quest-cfd::kvn_history global_temporal_dg_refines_nonconstant_skew_evolution
        PASS [   0.024s] ( 161/1463) quest-cfd::kvn_history unrepresentable_long_horizon_bound_preserves_history_with_explicit_unsupported_evidence
        PASS [   0.026s] ( 162/1463) quest-cfd::kvn_recipe arbitrary_tensor_rows_require_only_local_scratch_and_errors_propagate
        PASS [   0.059s] ( 163/1463) quest-cfd::kdv ultraweak_operator_is_skew_and_preserves_both_constant_fields
        PASS [   0.022s] ( 164/1463) quest-cfd::kvn_recipe scalar_bump_matches_normalized_reference_and_rejects_empty_support_and_capacity
        PASS [   0.006s] ( 165/1463) quest-cfd::lifting box_constructor_rejects_unspecified_mixed_boundaries
        PASS [   0.006s] ( 166/1463) quest-cfd::lifting closed_unequal_volume_pressure_has_physical_zero_mean
        PASS [   0.006s] ( 167/1463) quest-cfd::lifting inhomogeneous_normal_lifting_preserves_exact_uniform_channel_flow
        PASS [   0.030s] ( 168/1463) quest-cfd::mixed_physical_boundary affine_pressure_gradient_is_recovered_without_closed_gauge
        PASS [   0.171s] ( 169/1463) quest-cfd::kdv nonlinear_combined_energy_and_means_are_conserved_and_direct_fluxes_match
        PASS [   0.368s] ( 170/1463) quest-build probe::tests::missing_imported_dependency_returns_typed_failure_without_an_archive
        PASS [   0.014s] ( 171/1463) quest-cfd::mixed_physical_boundary natural_capacity_shapes_and_pressure_limits_are_enforced
        PASS [   0.019s] ( 172/1463) quest-cfd::mixed_physical_boundary mixed_time_loads_extract_to_complete_shared_polynomial_drift
        PASS [   0.033s] ( 173/1463) quest-cfd::mixed_physical_boundary canonical_batch_lifting_solves_full_constraints_and_is_mass_orthogonal
        PASS [   0.008s] ( 174/1463) quest-cfd::mixed_physical_boundary time_owner_admission_includes_declared_live_mesh_external_storage
        PASS [   0.028s] ( 175/1463) quest-cfd::mixed_physical_boundary prescribed_traction_fixes_nonzero_constant_pressure_without_mean_subtraction
        PASS [   0.008s] ( 176/1463) quest-cfd::mixed_physical_mesh mixed_classification_and_attempt_admission_are_explicit
        PASS [   0.022s] ( 177/1463) quest-cfd::mixed_physical_mesh all_open_constraint_rows_are_independent_and_every_coordinate_is_retained
        PASS [   0.046s] ( 178/1463) quest-cfd::mixed_physical_boundary polynomial_extension_uses_original_acceleration_and_all_natural_load_modes
        PASS [   0.012s] ( 179/1463) quest-cfd::mixed_physical_mesh natural_cubic_energy_flux_has_both_outflow_and_backflow_signs
        PASS [   0.010s] ( 180/1463) quest-cfd::mixed_physical_mesh natural_face_has_no_spurious_sip_penalty
        PASS [   0.009s] ( 181/1463) quest-cfd::mixed_physical_observations exact_label_force_and_full_lifted_energy_use_original_field
        PASS [   0.013s] ( 182/1463) quest-cfd::observations periodic_lift_has_measured_frequency_but_constant_or_unresolved_lift_does_not
        PASS [   0.011s] ( 183/1463) quest-cfd::observations time_resolution_period_consistency_and_nonfinite_evidence_reject
        PASS [   0.006s] ( 184/1463) quest-cfd::paired_history fixed_fixture_rejects_silently_ignored_physics_and_scale
        PASS [   0.008s] ( 185/1463) quest-cfd::paired_history fixed_reference_budgets_and_unsupported_rows_reject
        PASS [   0.023s] ( 186/1463) quest-cfd::paired_history complete_ensemble_moments_are_not_a_center_trajectory
        PASS [   0.476s] ( 187/1463) quest-build probe::tests::compiled_abi_guard_rejects_incompatible_precision_before_archiving
        PASS [   0.229s] ( 188/1463) quest-cfd::kvn_history weighted_kvn_retains_all_five_coordinates_and_history_initial_data
        PASS [   0.023s] ( 189/1463) quest-cfd::physical_boundary boundary_rejects_incompatible_data_and_resources_without_projection
        PASS [   0.107s] ( 190/1463) quest-cfd::mixed_physical_mesh unequal_cells_keep_all_coordinates_and_match_independent_p1_assembly
        PASS [   0.535s] ( 191/1463) quest-cfd cylinder_high_order::tests::p2_midpoints_and_free_outlet_balance_full_inlet_flux
        PASS [   0.050s] ( 192/1463) quest-cfd::physical_boundary full_polynomial_time_extraction_matches_direct_drift_and_temporal_quadrature
        PASS [   0.016s] ( 193/1463) quest-cfd::physical_integration_budget explicit_work_allowance_preserves_complete_trajectory_and_default
        PASS [   0.361s] ( 194/1463) quest-cfd::kdv nonlinear_convection_has_the_physical_kdv_sign
        PASS [   0.566s] ( 195/1463) quest-build probe::tests::cargo_discovery_evaluates_the_selected_package_once
        PASS [   0.508s] ( 196/1463) quest-cfd::constructed_resources rejected_reciprocal_retains_the_attempted_stage_memory_envelope
        PASS [   0.029s] ( 197/1463) quest-cfd::physical_integration_budget cli_rejects_ignored_allowances_and_records_supported_limit
        PASS [   0.013s] ( 198/1463) quest-cfd::physical_integration_budget higher_order_snapshot_records_actual_full_work
        PASS [   0.005s] ( 199/1463) quest-cfd::physical_mesh count_shape_and_budget_reject_before_materialization
        PASS [   0.005s] ( 200/1463) quest-cfd::physical_mesh geometric_rejection_preserves_attempted_work_without_numerical_claims
        PASS [   0.019s] ( 201/1463) quest-cfd::physical_mesh actual_owner_capacity_and_lifted_pressure_overlap_are_charged
        PASS [   0.006s] ( 202/1463) quest-cfd::physical_mesh missing_boundary_nonmanifold_incidence_and_hidden_external_capacity_reject
        PASS [   0.014s] ( 203/1463) quest-cfd::physical_mesh closed_unequal_triangles_keep_the_complete_kernel
        PASS [   0.007s] ( 204/1463) quest-cfd::physical_mesh mixed_natural_general_periodic_and_zero_chart_spaces_are_explicitly_unsupported
        PASS [   0.024s] ( 205/1463) quest-cfd::physical_mesh periodic_unequal_square_preserves_means_mapping_and_convection
        PASS [   0.617s] ( 206/1463) quest-build probe::tests::cmake_build_evaluates_target_requirements_and_paths_with_spaces
        PASS [   0.064s] ( 207/1463) quest-cfd::physical_mesh affine_body_gradient_recovers_signed_volume_weighted_pressure
        PASS [   0.020s] ( 208/1463) quest-cfd::physical_observation full_configuration_recipe_matches_physical_field_and_rejects_missing_coordinates
        PASS [   0.625s] ( 209/1463) quest-cfd::box_time_data complete_time_source_and_force_match_independent_boundary_reference
        PASS [   0.652s] ( 210/1463) quest-build probe::tests::cargo_watches_external_inputs_without_watching_its_own_outputs
        PASS [   0.015s] ( 211/1463) quest-cfd::physical_observation resource_rejections_and_constant_field_reference_are_explicit
        PASS [   0.081s] ( 212/1463) quest-cfd::physical_mesh polynomial_lifting_keeps_original_mass_derivative_and_last_coordinate
        PASS [   0.083s] ( 213/1463) quest-cfd::physical_mesh refinement_and_order_elevation_preserve_every_coarse_coordinate
        PASS [   0.014s] ( 214/1463) quest-cfd::physical_order periodic_two_triangle_bdm2_retains_ten_independent_modes
        PASS [   0.074s] ( 215/1463) quest-cfd::physical_mesh unequal_mass_and_complete_ranks_use_independent_barycentric_integrals
        PASS [   0.674s] ( 216/1463) quest-cfd::cavity_observations complete_cavity_references_expose_diagnostics_at_both_orders
        PASS [   0.668s] ( 217/1463) quest-cfd::cylinder_evolution complete_evolution_preflight_and_final_pressure_use_one_ledger
        PASS [   0.134s] ( 218/1463) quest-cfd::physical_order complete_p1_matches_independent_existing_assembly_and_pressure
        PASS [   0.072s] ( 219/1463) quest-cfd::physical_order reference_admission_and_rk4_refinement_are_explicit
        PASS [   0.532s] ( 220/1463) quest-cfd::kvn_recipe generated_rows_match_all_five_coordinate_csr_and_weighted_adjoint
        PASS [   0.604s] ( 221/1463) quest-cfd::kdv nonlinear_rk4_time_refinement_is_separate_from_semidiscrete_conservation
        PASS [   0.036s] ( 222/1463) quest-cfd::physical_pressure_observation complete_box_pressure_capture_is_supported
        PASS [   0.017s] ( 223/1463) quest-cfd::physical_pressure_observation query_and_fixed_time_capture_failures_are_explicit
        PASS [   0.834s] ( 224/1463) quest-cfd::cylinder_evolution rejected_requests_and_failed_initial_diagnostic_keep_truthful_progress
        PASS [   0.007s] ( 225/1463) quest-cfd::polynomial_dynamics derivatives_polarization_and_quadratic_norm_use_actual_coefficients
        PASS [   0.007s] ( 226/1463) quest-cfd::polynomial_dynamics mixed_quadratic_lower_bound_rounds_down_at_subnormal_halfway
        PASS [   0.007s] ( 227/1463) quest-cfd::polynomial_dynamics owned_equation_capacity_is_admitted_before_lowering
        PASS [   0.024s] ( 228/1463) quest-cfd::polynomial_dynamics periodic_bdm_snapshot_retains_every_coordinate_and_reports_rounding
        PASS [   0.010s] ( 229/1463) quest-cfd::polynomial_dynamics polynomial_lifting_includes_its_time_derivative
        PASS [   0.479s] ( 230/1463) quest-cfd::physical_boundary periodic_time_body_source_and_last_complete_coordinate_are_preserved
        PASS [   0.006s] ( 231/1463) quest-cfd::polynomial_dynamics rejects_nonquadratic_state_and_aggregate_storage_before_lowering
        PASS [   0.006s] ( 232/1463) quest-cfd::polynomial_dynamics shared_exact_forms_extract_complete_time_dependent_quadratic_drift
        PASS [   0.808s] ( 233/1463) quest-cfd::history_spectrum known_constant_singular_value_and_complete_burgers_window
        PASS [   0.006s] ( 234/1463) quest-cfd::polynomial_rk4 time_forcing_and_zero_step_validation_are_preserved
        PASS [   0.006s] ( 235/1463) quest-cfd::polynomial_dynamics zero_forcing_nonnormal_and_mean_modes_are_not_false_certificates
        PASS [   0.009s] ( 236/1463) quest-cfd::probability_observation kinetic_energy_uses_every_mass_orthonormal_coordinate
        PASS [   0.006s] ( 237/1463) quest-cfd::probability_observation node_projection_is_one_sided_nodal_evaluation_not_a_modal_slice
        PASS [   0.020s] ( 238/1463) quest-cfd::probability_observation box_energy_is_integrated_energy_without_dividing_by_volume
        PASS [   0.006s] ( 239/1463) quest-cfd::probability_observation sampling_plan_reserves_both_conditional_mean_and_postselection_tails
        PASS [   0.016s] ( 240/1463) quest-cfd::resource_build resource_zero_and_representation_only_estimate_remain_distinct
        PASS [   0.007s] ( 241/1463) quest-cfd::resources every_case_uses_its_entire_supplied_constraint_chart
        PASS [   0.006s] ( 242/1463) quest-cfd::resources full_lift_counts_beyond_machine_words_without_saturation
        PASS [   0.033s] ( 243/1463) quest-cfd::resource_build real_smoke_resources_preserve_five_coordinates_and_budget_rejection
        PASS [   0.069s] ( 244/1463) quest-cfd::polynomial_dynamics simplex_cavity_snapshot_keeps_stationary_boundary_forcing
        PASS [   0.006s] ( 245/1463) quest-cfd::resources invalid_rank_and_zero_axes_are_rejected_before_allocation
        PASS [   0.008s] ( 246/1463) quest-cfd::resources symbolic_full_counts_survive_exponents_too_large_for_metadata_or_machine_indexing
        PASS [   0.006s] ( 247/1463) quest-cfd::simplex box_mesh_rejects_unbudgeted_full_spaces_instead_of_reducing_them
        PASS [   0.409s] ( 248/1463) quest-cfd::physical_order complete_bdm2_convection_is_nonzero_and_energy_conserving_in_2d_and_3d
        PASS [   0.024s] ( 249/1463) quest-cfd::simplex full_3d_convection_and_sip_obey_energy_and_continuity
        PASS [   0.012s] ( 250/1463) quest-cfd::simplex physical_probes_and_enstrophy_recover_uniform_flow
        PASS [   0.031s] ( 251/1463) quest-cfd::simplex moving_lid_drives_complete_2d_and_3d_cavity_from_rest
        PASS [   0.036s] ( 252/1463) quest-cfd::simplex full_simplex_pressure_recovery_closes_momentum_and_gauge
        PASS [   0.025s] ( 253/1463) quest-cfd::simplex periodic_refinement_retains_every_bdm1_degree
        PASS [   0.023s] ( 254/1463) quest-cfd::simplex topology_formula_matches_every_small_box_chart
        PASS [   0.019s] ( 255/1463) quest-cfd::solve caller_memory_budget_reaches_certification_before_transform_construction
        PASS [   0.425s] ( 256/1463) quest-cfd::physical_order pressure_has_weighted_gauge_and_recovers_complete_momentum
        PASS [   0.007s] ( 257/1463) quest-cfd::stream_history malformed_recipe_fails_once_and_never_publishes_a_partial_row
        PASS [   0.006s] ( 258/1463) quest-cfd::stream_history row_stream_matches_forced_time_dependent_stored_history_and_rank_independent_ordinals
        PASS [   1.113s] ( 259/1463) quest-build probe::tests::imported_header_identity_survives_compiler_implicit_include_suppression
        PASS [   0.008s] ( 260/1463) quest-cfd::stream_history very_long_history_queries_only_local_rows_without_full_rhs_or_operator
        PASS [   0.007s] ( 261/1463) quest-cfd::temporal_encoding time_encoding_rejects_before_unbounded_preparation_and_stops_failed_visitors
        PASS [   0.006s] ( 262/1463) quest-cfd::temporal_observation interpolation_preserves_complex_interference_and_quadratic_time_dependence
        PASS [   0.005s] ( 263/1463) quest-cfd::temporal_observation shared_boundary_keeps_both_dg_traces_and_admits_before_queries
        PASS [   0.036s] ( 264/1463) quest-cfd::stream_history complete_burgers_hierarchy_stream_matches_materialized_history
        PASS [   0.039s] ( 265/1463) quest-cfd::temporal_encoding time_recipe_storage_is_constant_and_zero_weights_keep_dummy_failure_sectors
        PASS [   1.121s] ( 266/1463) quest-cfd::constraint_recipe redundant_face_rows_have_exact_complete_rank_and_divergence_signs
        PASS [   1.184s] ( 267/1463) quest-build probe::tests::cargo_profiles_and_explicit_cxx_remain_coherent_in_child_processes
        PASS [   0.019s] ( 268/1463) quest-cfd::workflows carleman_estimate_and_zero_trajectory_do_not_claim_quantum_execution
        PASS [   0.017s] ( 269/1463) quest-cfd::workflows certificate_request_cannot_be_ignored_by_non_carleman_or_estimate_workflows
        PASS [   0.022s] ( 270/1463) quest-cfd::workflows classical_carleman_reference_reports_full_dg_comparison
        PASS [   1.108s] ( 271/1463) quest-cfd::force_recipe generated_complete_cell_force_matches_independent_dense_chart
        PASS [   0.033s] ( 272/1463) quest-cfd::workflows physical_reference_rejects_unsupported_order_instead_of_silently_using_bdm1
        PASS [   0.113s] ( 273/1463) quest-cfd::workflows bdm2_workflows_retain_the_complete_higher_order_space
        PASS [   0.028s] ( 274/1463) quest-cfd::workflows requested_carleman_certificate_rejects_mean_modes_and_preserves_exact_zero
        PASS [   0.008s] ( 275/1463) quest-compile beam::structured_error_tests::structured_language_error_keeps_its_specific_cause
        PASS [   0.007s] ( 276/1463) quest-compile structured::optimizer_accounting_tests::repeated_shared_oracle_bank_entries_are_charged_separately
        PASS [   0.013s] ( 277/1463) quest-compile beam::tests::equal_operations_with_distinct_exact_histories_are_not_deduplicated
        PASS [   0.584s] ( 278/1463) quest-cfd::physical_order quadratic_cavity_lid_forces_the_complete_space_and_recovers_pressure
        PASS [   0.018s] ( 279/1463) quest-compile coherent::admission_tests::coherent_replay_respects_aggregate_region_storage
        PASS [   1.192s] ( 280/1463) quest-cfd::cylinder_high_order explicit_rectangle_p2_snapshot_retains_complete_source_and_resource_rejections
        PASS [   0.079s] ( 281/1463) quest-cfd::workflows kdv_keeps_evolving_auxiliary_coordinates_in_build_and_estimate
        PASS [   0.007s] ( 282/1463) quest-compile workers::review_tests::zx_quarter_turn_admission_retains_pi_conversion_obligation
        PASS [   0.014s] ( 283/1463) quest-compile workers::review_tests::borrowed_negative_targets_preserve_identity_and_apply_leaf_bit_limits
        PASS [   0.006s] ( 284/1463) quest-compile::adapters_contract bindings_share_frozen_operands_without_merging_occurrences
        PASS [   0.021s] ( 285/1463) quest-compile structured_workers::tests::scalar_word_lowering_preserves_signed_control_phase_exactly
        PASS [   0.009s] ( 286/1463) quest-compile::adapters_contract bound_plan_checks_native_indices_without_an_empty_intermediate_stage
        PASS [   0.010s] ( 287/1463) quest-compile::adapters_contract checked_gate_adapter_uses_registry_arity_and_finite_parameters
        PASS [   0.025s] ( 288/1463) quest-compile structured_workers::tests::deterministic_trace_proves_loops_calls_and_rejects_observation_or_exhaustion
        PASS [   0.014s] ( 289/1463) quest-compile::artifact_contract artifact_admission_bounds_deserialization_and_aggregate_matrix_reconstruction
        PASS [   0.009s] ( 290/1463) quest-compile::artifact_contract artifact_unknown_fields_are_incompatible_even_with_recomputed_digest
        PASS [   0.019s] ( 291/1463) quest-compile::artifact_contract artifact_load_rechecks_ir_and_capture_evidence_even_with_valid_digest
        PASS [   0.828s] ( 292/1463) quest-cfd::physical_boundary complete_time_lifting_retains_original_momentum_and_nonzero_normal_boundary_work
        PASS [   0.146s] ( 293/1463) quest-cfd::workflows burgers_reference_and_carleman_history_preserve_all_eight_coordinates
        PASS [   0.010s] ( 294/1463) quest-compile::artifact_contract source_and_compiled_exports_remain_distinct_and_load_retains_optimized_ssa
        PASS [   0.016s] ( 295/1463) quest-compile::artifact_contract macro_and_builder_exact_captures_roundtrip_and_bad_envelopes_fail
        PASS [   0.006s] ( 296/1463) quest-compile::beam_approx_contract approximate_mitm_admits_request_limits_before_any_worker_call
        PASS [   0.024s] ( 297/1463) quest-compile::artifact_contract finite_synthesis_evidence_survives_normal_import_and_compiled_export
        PASS [   0.496s] ( 298/1463) quest-cfd::physical_pressure_observation p0_p1_incident_pressure_and_physical_side_force_are_exact
        PASS [   0.024s] ( 299/1463) quest-compile::artifact_contract matrix_channel_oracle_and_finite_provenance_roundtrip
        PASS [   0.033s] ( 300/1463) quest-compile::artifact_contract historical_local_evidence_never_grants_current_executable_equivalence
        PASS [   0.019s] ( 301/1463) quest-compile::beam_approx_contract approximate_mitm_lifts_full_phase_through_negative_control_after_effect_fence
        PASS [   0.022s] ( 302/1463) quest-compile::beam_approx_contract approximate_mitm_large_output_ceiling_reserves_only_reachable_depth
        PASS [   0.011s] ( 303/1463) quest-compile::beam_contract beam_admits_replayed_longer_linear_candidate_before_scoring
        PASS [   0.023s] ( 304/1463) quest-compile::beam_approx_contract approximate_mitm_rejects_forged_worker_and_preserves_terminal_status
        PASS [   0.029s] ( 305/1463) quest-compile::beam_approx_contract approximate_mitm_classifies_certified_overlimit_output_as_worker_rejection
        PASS [   0.034s] ( 306/1463) quest-compile::artifact_contract synthesis_artifact_retains_and_rechecks_certificate_evidence
        PASS [   0.008s] ( 307/1463) quest-compile::beam_contract beam_reports_round_and_candidate_caps_without_losing_best
        PASS [   0.012s] ( 308/1463) quest-compile::beam_contract bound_entry_rewrites_discrete_clifford_window
        PASS [   0.009s] ( 309/1463) quest-compile::beam_contract bound_work_exhaustion_keeps_original_snapshot
        PASS [   0.031s] ( 310/1463) quest-compile::beam_approx_contract approximate_mitm_retains_other_typed_terminal_outcomes_without_publication
        PASS [   0.013s] ( 311/1463) quest-compile::beam_contract bound_entry_uses_exact_phase_targets
        PASS [   1.040s] ( 312/1463) quest-cfd::kvn_recipe time_dependent_forcing_is_in_drift_and_generated_history_matches_stored
        PASS [   0.026s] ( 313/1463) quest-compile::beam_contract beam_keeps_parent_certified_exact_mitm_region
        PASS [   0.011s] ( 314/1463) quest-compile::beam_contract deterministic_beam_publishes_verified_exact_improvement
        PASS [   0.029s] ( 315/1463) quest-compile::beam_contract beam_keeps_parent_certified_approx_mitm_region_and_rational_budget
        PASS [   0.009s] ( 316/1463) quest-compile::beam_contract ideal_source_remains_original_binding_authority
        PASS [   0.019s] ( 317/1463) quest-compile::beam_contract bound_worker_search_uses_discrete_source_and_preserves_bound_authority
        PASS [   0.019s] ( 318/1463) quest-compile::beam_contract budget_after_zx_worker_proof_returns_a_complete_prior_publication
        PASS [   0.017s] ( 319/1463) quest-compile::beam_contract forged_worker_envelope_is_a_typed_error
        PASS [   0.008s] ( 320/1463) quest-compile::beam_contract tied_rewrites_deduplicate_and_search_terminates_deterministically
        PASS [   0.007s] ( 321/1463) quest-compile::beam_mitm_contract exact_mitm_charges_source_phase_replay_before_visiting_window
        PASS [   0.021s] ( 322/1463) quest-compile::beam_contract mitm_shortlist_exhaustion_is_incomplete_even_with_original_best
        PASS [   0.013s] ( 323/1463) quest-compile::beam_mitm_contract exact_mitm_candidate_keeps_effect_fence_and_certified_longer_region
        PASS [   0.008s] ( 324/1463) quest-compile::beam_mitm_contract exact_mitm_charges_wide_operand_scan_before_visiting_window
        PASS [   0.015s] ( 325/1463) quest-compile::beam_contract synthesis_keeps_local_certificate_and_exact_cumulative_allowance
        PASS [   0.022s] ( 326/1463) quest-compile::beam_contract pure_phase_window_reaches_exact_mitm_after_zx
        PASS [   0.017s] ( 327/1463) quest-compile::beam_contract rational_pi_rotation_does_not_spend_exact_mitm_slot_before_synthesis
        PASS [   0.017s] ( 328/1463) quest-compile::beam_contract worker_search_retains_exact_certificate_and_original_authority
        PASS [   0.012s] ( 329/1463) quest-compile::beam_mitm_contract exact_mitm_preserves_signed_controls_and_preflights_work
        PASS [   0.007s] ( 330/1463) quest-compile::beam_mitm_contract exact_mitm_rejects_malformed_limits_even_without_an_eligible_window
        PASS [   0.015s] ( 331/1463) quest-compile::beam_mitm_contract exact_mitm_large_output_ceiling_reserves_only_reachable_depth
        PASS [   0.012s] ( 332/1463) quest-compile::beam_mitm_contract exact_mitm_rejects_a_certified_worker_result_beyond_requested_depth
        PASS [   1.361s] ( 333/1463) quest-cfd::burgers cole_hopf_space_order_and_time_refinement_are_independent
        PASS [   0.013s] ( 334/1463) quest-compile::beam_mitm_contract exact_mitm_rejects_a_worker_candidate_without_parent_certificate
        PASS [   0.013s] ( 335/1463) quest-compile::beam_mitm_contract exact_mitm_reports_post_request_output_cap_separately_from_preflight
        PASS [   0.008s] ( 336/1463) quest-compile::classical_contract constant_and_dynamic_failures_keep_the_same_completed_effect_prefix
        PASS [   0.007s] ( 337/1463) quest-compile::classical_contract cse_keeps_first_potential_trap_and_does_not_remove_unused_division
        PASS [   0.008s] ( 338/1463) quest-compile::classical_contract constant_gate_parameter_interpretation_folds_without_a_forbidden_source_cast
        PASS [   0.066s] ( 339/1463) quest-compile::beam_contract approximation_across_rounds_spends_one_exact_budget_against_original
        PASS [   0.007s] ( 340/1463) quest-compile::classical_contract folds_constants_and_executable_branches_without_removing_gate_occurrences
        PASS [   0.018s] ( 341/1463) quest-compile::beam_mitm_contract exact_mitm_retains_symbolic_binding_obligations_across_a_fenced_region
        PASS [   0.007s] ( 342/1463) quest-compile::classical_contract optimization_work_and_storage_limits_fail_transactionally
        PASS [   0.008s] ( 343/1463) quest-compile::classical_contract optimization_preserves_loops_joins_outputs_and_quantum_memory_effects
        PASS [   0.008s] ( 344/1463) quest-compile::classical_contract removes_dead_proven_nontrapping_computation
        PASS [   0.010s] ( 345/1463) quest-compile::classical_contract loops_with_different_incoming_values_remain_dynamic
        PASS [   0.008s] ( 346/1463) quest-compile::classical_contract signed_zero_is_not_merged_across_constants_or_phi_inputs
        PASS [   0.007s] ( 347/1463) quest-compile::core_contract arbitrary_rational_angles_validate_and_normalize_raw_ratios
        PASS [   0.006s] ( 348/1463) quest-compile::core_contract controlled_full_turn_rotation_keeps_relative_phase
        PASS [   0.561s] ( 349/1463) quest-cfd::physical_pressure_observation pressure_traction_shapes_sides_and_full_3d_capacity_are_checked
        PASS [   0.006s] ( 350/1463) quest-compile::core_contract missing_nonfinite_and_duplicate_bindings_are_rejected
        PASS [   0.008s] ( 351/1463) quest-compile::core_contract rejects_foreign_operands_without_consuming_an_occurrence
        PASS [   0.009s] ( 352/1463) quest-compile::core_contract exact_cancellation_stops_at_measurement
        PASS [   0.007s] ( 353/1463) quest-compile::core_contract upgraded_bigint_rationals_keep_large_ratio_and_subnormal_conversion
        PASS [   0.006s] ( 354/1463) quest-compile::definitions_contract adjoint_reverses_explicit_edges_without_serializing_independent_gates
        PASS [   0.013s] ( 355/1463) quest-compile::core_contract channel_admission_counts_existing_payloads_and_residual_scratch
        PASS [   0.008s] ( 356/1463) quest-compile::core_contract stochastic_and_classical_hazards_preserve_order
        PASS [   0.006s] ( 357/1463) quest-compile::definitions_contract definition_expansion_preserves_explicit_body_dependencies
        PASS [   0.007s] ( 358/1463) quest-compile::definitions_contract failed_definition_expansion_does_not_partially_append
        PASS [   0.006s] ( 359/1463) quest-compile::definitions_contract shared_definitions_expand_with_fresh_occurrences_and_ordered_arguments
        PASS [   0.038s] ( 360/1463) quest-compile::beam_mitm_contract exact_mitm_preserves_typed_terminal_status_and_original_program
        PASS [   0.007s] ( 361/1463) quest-compile::differential controlling_a_global_phase_changes_only_the_active_branch
        PASS [   0.007s] ( 362/1463) quest-compile::differential numerical_approximate_unitarity_does_not_grant_exact_capability
        PASS [   0.007s] ( 363/1463) quest-compile::dispatch_recipe gate_recipe_preserves_u_order_and_signed_phase_cost
        PASS [   0.009s] ( 364/1463) quest-compile::differential channels_are_effectful_and_completeness_is_checked
        PASS [   0.009s] ( 365/1463) quest-compile::differential union_fusion_preserves_ordered_operands_and_signed_controls
        PASS [   0.007s] ( 366/1463) quest-compile::dispatch_recipe matrix_recipe_embeds_ordered_signed_controls_and_both_variants
        PASS [   0.006s] ( 367/1463) quest-compile::dispatch_recipe matrix_recipe_rejects_shifted_dimension_overflow
        PASS [   0.008s] ( 368/1463) quest-compile::dispatch_recipe preparation_shares_storage_and_ordered_profile_but_counts_occurrences
        PASS [   0.008s] ( 369/1463) quest-compile::dispatch_recipe scalar_numerical_promotes_to_one_native_qubit_and_prepares_adjoint
        PASS [   0.011s] ( 370/1463) quest-compile::dispatch_recipe nested_adjoint_oracles_share_payload_per_full_signed_profile
        PASS [   0.007s] ( 371/1463) quest-compile::generator_error_contract rotation_generation_preserves_process_classification_and_native_failures
        PASS [   0.009s] ( 372/1463) quest-compile::finite_semantic_contract finite_insertion_preserves_exact_angles_without_reconstructed_gate_syntax
        PASS [   0.011s] ( 373/1463) quest-compile::finite_semantic_contract concrete_finite_source_remains_exportable
        PASS [   0.009s] ( 374/1463) quest-compile::finite_semantic_contract mixed_macro_captures_are_evaluated_once_in_source_order_without_placeholders
        PASS [   0.009s] ( 375/1463) quest-compile::finite_semantic_contract scalar_and_oracle_capture_banks_need_no_placeholder_values
        PASS [   0.008s] ( 376/1463) quest-compile::finite_semantic_contract semantic_fragment_rejects_foreign_handles_bad_indices_shapes_and_aliases
        PASS [   0.007s] ( 377/1463) quest-compile::generator_provenance custom_generator_certificate_is_rechecked_against_the_requested_target
        PASS [   0.007s] ( 378/1463) quest-compile::linear_contract candidate_generation_is_independent_of_local_shortening
        PASS [   0.006s] ( 379/1463) quest-compile::linear_contract cnot_cancellations_and_preflight_bounds_are_checked
        PASS [   0.005s] ( 380/1463) quest-compile::linear_contract program_linear_windows_preserve_barriers_and_explicit_dependencies
        PASS [   0.005s] ( 381/1463) quest-compile::linear_contract gaussian_and_pmh_preserve_independent_basis_permutations_and_order
        PASS [   0.006s] ( 382/1463) quest-compile::linear_contract whole_program_scan_and_output_copy_are_in_the_pass_budget
        PASS [   0.006s] ( 383/1463) quest-compile::macro_contract nonfinite_interpolation_is_rejected_at_shared_admission
        PASS [   0.008s] ( 384/1463) quest-compile::macro_contract macro_operations_retain_original_file_and_keyword_byte_ranges
        PASS [   0.009s] ( 385/1463) quest-compile::macro_contract interpolation_evaluates_once_in_source_order_and_modifiers_keep_phase
        PASS [   0.013s] ( 386/1463) quest-compile::macro_contract bell_macro_uses_the_same_builder_semantics
        PASS [   0.008s] ( 387/1463) quest-compile::matrix_contract logical_views_are_copied_including_transpose_and_conjugation
        PASS [   0.009s] ( 388/1463) quest-compile::matrix_contract faer_product_matches_independent_scalar_complex_fixture
        PASS [   0.013s] ( 389/1463) quest-compile::macro_contract full_macro_gate_inventory_matches_builder
        PASS [   0.006s] ( 390/1463) quest-compile::matrix_contract matrix_admission_checks_finiteness_shape_and_budget
        PASS [   0.006s] ( 391/1463) quest-compile::matrix_contract openqasm31_u_adjoint_keeps_the_conjugated_specification_phase
        PASS [   0.006s] ( 392/1463) quest-compile::matrix_contract padding_is_counted_and_noncontiguous_views_keep_logical_coordinates
        PASS [   0.007s] ( 393/1463) quest-compile::matrix_contract openqasm31_u_has_specification_phase_and_two_pi_periodicity
        PASS [   0.024s] ( 394/1463) quest-compile::generator_provenance native_compiler_records_the_algorithm_that_produced_the_candidate
        PASS [   0.006s] ( 395/1463) quest-compile::matrix_contract registry_u_decomposition_reconstructs_the_full_specification_matrix
        PASS [   0.007s] ( 396/1463) quest-compile::matrix_contract u_realization_keeps_finite_large_phases_without_overflowing_their_sum
        PASS [   0.006s] ( 397/1463) quest-compile::optimization_contract cycles_and_classical_read_write_hazards_are_checked
        PASS [   0.007s] ( 398/1463) quest-compile::optimization_contract dependency_cancellation_crosses_proven_commuting_gates_only
        PASS [   0.007s] ( 399/1463) quest-compile::optimization_contract exact_rotation_merging_is_phase_correct_and_idempotent
        PASS [   0.007s] ( 400/1463) quest-compile::optimization_contract opaque_float_rotations_are_not_merged
        PASS [   0.010s] ( 401/1463) quest-compile::optimization_contract fusion_skips_blocks_when_retained_matrices_exhaust_program_budget
        PASS [   0.031s] ( 402/1463) quest-compile::linear_contract seeded_binary_matrices_verify_both_algorithms_through_sixty_four_wires
        PASS [   0.010s] ( 403/1463) quest-compile::optimization_contract fusion_preserves_multiplication_order_and_provenance
        PASS [   0.012s] ( 404/1463) quest-compile::optimization_contract exact_merge_reports_retain_only_immediate_rewrite_inputs
        PASS [   0.007s] ( 405/1463) quest-compile::optimization_contract rational_merging_preserves_finite_lowering
        PASS [   0.007s] ( 406/1463) quest-compile::optimization_contract reports_dependency_depth_before_and_after_exact_rewrites_and_fusion
        PASS [   0.007s] ( 407/1463) quest-compile::optimization_contract symbolic_merging_preserves_all_finite_bindings
        PASS [   0.007s] ( 408/1463) quest-compile::optimizer_contract clifford_profile_orders_lexicographically
        PASS [   0.007s] ( 409/1463) quest-compile::optimizer_contract changed_opaque_communication_is_unscorable
        PASS [   0.007s] ( 410/1463) quest-compile::optimizer_contract concurrent_ledger_clones_admit_only_one_retained_allowance
        PASS [   0.006s] ( 411/1463) quest-compile::optimizer_contract deployment_rejects_inconsistent_local_state_and_density_sizes
        PASS [   0.011s] ( 412/1463) quest-compile::optimizer_contract bound_input_accounts_for_retained_numerical_payload_before_publication
        PASS [   0.008s] ( 413/1463) quest-compile::optimizer_contract distributed_opaque_trace_uses_operation_content_not_fresh_occurrence_ids
        PASS [   0.007s] ( 414/1463) quest-compile::optimizer_contract embedded_fragment_cost_uses_actual_wider_deployment
        PASS [   0.011s] ( 415/1463) quest-compile::optimizer_contract consuming_entrypoints_preserve_input_kind_and_expose_no_search
        PASS [   0.008s] ( 416/1463) quest-compile::optimizer_contract failed_opaque_trace_spends_bounded_work_in_shared_ledger
        PASS [   0.007s] ( 417/1463) quest-compile::optimizer_contract ideal_binding_reserves_symbolic_replay_work_before_bind
        PASS [   0.007s] ( 418/1463) quest-compile::optimizer_contract mandatory_order_guard_rejects_deleted_endpoint_and_contraction_cycle
        PASS [   0.007s] ( 419/1463) quest-compile::optimizer_contract native_v1_score_is_exact_and_density_multiplier_is_single_sided
        PASS [   0.007s] ( 420/1463) quest-compile::optimizer_contract options_reject_invalid_global_epsilon_and_hard_limit_excess
        PASS [   0.006s] ( 421/1463) quest-compile::optimizer_contract plan_cost_derives_u_signed_flips_and_density_scalar_noop
        PASS [   0.008s] ( 422/1463) quest-compile::optimizer_contract ordinary_128_angle_ideal_program_fits_default_shared_work_limit
        PASS [   0.006s] ( 423/1463) quest-compile::optimizer_contract recipe_inventory_counts_density_numerical_pass_once
        PASS [   0.006s] ( 424/1463) quest-compile::optimizer_contract shared_ledger_admits_categories_under_one_limit_and_releases_bytes
        PASS [   0.008s] ( 425/1463) quest-compile::optimizer_contract shared_nested_oracle_trace_stops_at_work_limit_before_expansion
        PASS [   0.007s] ( 426/1463) quest-compile::optimizer_contract structured_input_rejects_target_width_mismatch
        PASS [   0.008s] ( 427/1463) quest-compile::optimizer_contract structured_input_accounts_for_retained_source_before_publication
        PASS [   0.009s] ( 428/1463) quest-compile::optimizer_contract required_global_rejects_uncertified_numerical_composition
        PASS [   0.007s] ( 429/1463) quest-compile::oracle_contract adjoint_reverses_operations_and_controls_global_phase
        PASS [   0.008s] ( 430/1463) quest-compile::optimizer_contract warmed_ideal_clones_keep_the_same_work_admission_limit
        PASS [   0.011s] ( 431/1463) quest-compile::oracle_contract capture_arity_is_checked_before_a_verified_plan_exists
        PASS [   0.007s] ( 432/1463) quest-compile::oracle_contract portable_oracle_export_retains_global_phase_and_target_order
        PASS [   0.008s] ( 433/1463) quest-compile::oracle_contract nested_call_adjoint_reverses_oracle_order_and_preserves_controls
        PASS [   0.010s] ( 434/1463) quest-compile::oracle_contract inverse_of_a_gate_containing_a_numerical_oracle_fails_before_dispatch
        PASS [   0.009s] ( 435/1463) quest-compile::oracle_contract negative_runtime_power_of_oracle_never_dispatches
        PASS [   0.007s] ( 436/1463) quest-compile::oracle_contract storage_accounting_deduplicates_shared_bodies_without_deduplicating_queries
        PASS [   0.007s] ( 437/1463) quest-compile::oracle_contract retained_calls_share_storage_but_keep_distinct_occurrences
        PASS [   0.010s] ( 438/1463) quest-compile::oracle_contract numerical_adjoint_is_conjugate_transpose_without_exact_admission
        PASS [   0.006s] ( 439/1463) quest-compile::parity_contract bound_symbolic_parity_cancels_only_after_original_binding_and_keeps_source_identity
        PASS [   0.006s] ( 440/1463) quest-compile::parity_contract bound_parity_keeps_rz_two_pi_scalar_and_signed_zero_source
        PASS [   0.008s] ( 441/1463) quest-compile::oracle_contract structured_oracle_captures_once_and_preserves_calls
        PASS [   0.007s] ( 442/1463) quest-compile::parity_contract bound_parity_precharges_original_binding_and_independent_affine_replay
        PASS [   0.006s] ( 443/1463) quest-compile::parity_contract bound_symbolic_parity_falls_back_on_new_overflow_and_rejects_foreign_bound_input
        PASS [   0.006s] ( 444/1463) quest-compile::parity_contract negative_controls_and_explicit_edges_guard_parity_replacements
        PASS [   0.006s] ( 445/1463) quest-compile::parity_contract canonical_first_window_candidate_preserves_two_pi_scalar_and_output_limit
        PASS [   0.007s] ( 446/1463) quest-compile::parity_contract complemented_rz_keeps_the_exact_scalar_phase
        PASS [   0.006s] ( 447/1463) quest-compile::parity_contract parity_candidate_can_be_longer_while_the_existing_pass_retains_input
        PASS [   0.006s] ( 448/1463) quest-compile::parity_contract program_candidate_expands_a_window_after_a_fence_with_fresh_ids
        PASS [   0.007s] ( 449/1463) quest-compile::parity_contract program_candidate_can_start_after_an_earlier_affine_window
        PASS [   0.007s] ( 450/1463) quest-compile::parity_contract repeated_parity_phase_and_affine_x_network_fold_exactly
        PASS [   0.121s] ( 451/1463) quest-compile::beam_timeout_contract worker_timeout_discards_request_and_preserves_prior_exact_improvement
        PASS [   0.009s] ( 452/1463) quest-compile::parity_contract program_folding_retains_rz_scalar_phase_and_stops_at_effects_and_opaque_angles
        PASS [   0.008s] ( 453/1463) quest-compile::parity_contract shared_pivot_reuses_symmetric_difference_and_restores_the_wire
        PASS [   0.788s] ( 454/1463) quest-cfd::physical_order quadratic_direct_advective_form_and_sip_dissipation_agree
        PASS [   0.009s] ( 455/1463) quest-compile::provenance_contract definition_history_budget_rejection_keeps_the_builder_transactional
        PASS [   0.008s] ( 456/1463) quest-compile::provenance_contract empty_replacements_retain_distinct_rewrite_events
        PASS [   0.014s] ( 457/1463) quest-compile::provenance_contract composed_passes_budget_retained_history_even_with_one_surviving_operation
        PASS [   0.008s] ( 458/1463) quest-compile::provenance_contract exact_rewrite_work_and_history_storage_budgets_reject_without_publishing
        PASS [   0.010s] ( 459/1463) quest-compile::provenance_contract diverging_snapshot_edits_cannot_exchange_history_roots
        PASS [   0.011s] ( 460/1463) quest-compile::provenance_contract exact_then_fusion_preserves_history_and_current_dependency_endpoints
        PASS [   0.010s] ( 461/1463) quest-compile::provenance_contract parity_outputs_share_history_and_later_fusion_deduplicates_sources
        PASS [   0.008s] ( 462/1463) quest-compile::structured_contract parsed_language_error_owns_renderable_source
        PASS [   0.009s] ( 463/1463) quest-compile::structured_contract capture_admission_rejects_missing_values
        PASS [   0.007s] ( 464/1463) quest-compile::structured_macro captures_do_not_collide_with_macro_local_names
        PASS [   0.014s] ( 465/1463) quest-compile::snapshot_identity snapshot_tests::independently_published_rewrites_get_distinct_snapshot_tokens
        PASS [   0.010s] ( 466/1463) quest-compile::structured_contract structured_stages_retain_source_and_verified_loop_arguments
        PASS [   0.008s] ( 467/1463) quest-compile::structured_macro macro_float_pi_and_integer_division_remain_language_values
        PASS [   0.009s] ( 468/1463) quest-compile::structured_macro macro_uses_shared_types_declarations_and_loop_ssa
        PASS [   0.008s] ( 469/1463) quest-compile::structured_optimization branching_join_blocks_cross_edge_cancellation
        PASS [   0.014s] ( 470/1463) quest-compile::structured_macro compiler_tracked_file_and_bundled_includes_share_admission
        PASS [   0.007s] ( 471/1463) quest-compile::structured_optimization exact_quantum_windows_cancel_across_constant_indices_and_keep_loop_cfg
        PASS [   0.007s] ( 472/1463) quest-compile::structured_optimization dynamic_indices_reference_parameters_and_effects_guard_windows
        PASS [   0.007s] ( 473/1463) quest-compile::structured_optimization exclusive_scalar_quantum_parameter_body_can_cancel_inverse_gates
        PASS [   0.012s] ( 474/1463) quest-compile::structured_optimization classical_constants_enable_quantum_windows_without_crossing_trapping_work
        PASS [   0.008s] ( 475/1463) quest-compile::structured_optimization exclusive_straight_cfg_chain_cancels_inverse_gates_and_preserves_vm
        PASS [   0.007s] ( 476/1463) quest-compile::structured_optimization float_parameters_only_allow_structural_inverse_and_never_ideal_pi_folding
        PASS [   0.006s] ( 477/1463) quest-compile::structured_optimization posttransform_compile_and_work_limits_are_enforced
        PASS [   0.007s] ( 478/1463) quest-compile::structured_optimization macro_captures_and_original_export_sources_survive_quantum_replacement
        PASS [   0.009s] ( 479/1463) quest-compile::structured_optimization loop_backedge_blocks_cross_iteration_inverse_cancellation
        PASS [   0.013s] ( 480/1463) quest-compile::structured_optimization parity_scalar_omega_is_encoded_as_a_proved_exact_clifford_word
        PASS [   0.097s] ( 481/1463) quest-compile::native_direct direct_engine_works_without_any_process_capability
        PASS [   0.012s] ( 482/1463) quest-compile::structured_terminal exhausted_structured_transaction_keeps_original_snapshot_and_bank
        PASS [   0.012s] ( 483/1463) quest-compile::structured_terminal global_approximation_skips_uncertified_fusion_and_zero_wire_windows
        PASS [   0.010s] ( 484/1463) quest-compile::structured_terminal semantic_storage_exhaustion_keeps_the_original_publication
        PASS [   0.012s] ( 485/1463) quest-compile::structured_terminal mixed_parameter_bodies_fuse_and_dynamic_or_trapping_windows_stay_separate
        PASS [   0.010s] ( 486/1463) quest-compile::structured_terminal structured_pipeline_declines_unknown_mpi_communication
        PASS [   0.012s] ( 487/1463) quest-compile::structured_terminal structured_pipeline_compares_branch_blocks_without_frequency_assumptions
        PASS [   0.017s] ( 488/1463) quest-compile::structured_optimization vm_executed_loop_windows_and_signed_controls_have_exact_full_matrix_equality
        PASS [   0.007s] ( 489/1463) quest-compile::structured_terminal structured_pipeline_rejects_wrong_deployment_before_resource_fallback
        PASS [   0.009s] ( 490/1463) quest-compile::structured_terminal structured_pipeline_exhaustion_retains_original_publication
        PASS [   0.008s] ( 491/1463) quest-compile::structured_terminal structured_pipeline_runs_exact_cleanup_before_terminal_fusion
        PASS [   0.006s] ( 492/1463) quest-compile::symbolic_contract affine_constant_binds_without_rounding_terms_separately
        PASS [   0.009s] ( 493/1463) quest-compile::structured_terminal structured_pipeline_releases_scratch_before_terminal_comparison
        PASS [   0.009s] ( 494/1463) quest-compile::structured_terminal structured_terminal_publishes_ssa_and_oracles_together
        PASS [   0.009s] ( 495/1463) quest-compile::structured_terminal synthetic_capture_is_fresh_beside_existing_oracle_and_scalar_captures
        PASS [   0.006s] ( 496/1463) quest-compile::symbolic_contract bound_affine_angle_retains_exact_target_after_parameter_substitution
        PASS [   0.007s] ( 497/1463) quest-compile::symbolic_contract binding_with_unrelated_declared_parameter_preserves_angle_target
        PASS [   0.011s] ( 498/1463) quest-compile::structured_terminal user_gate_bodies_stay_symbolic_for_inverse_and_negative_power
        PASS [   0.007s] ( 499/1463) quest-compile::symbolic_contract bound_parameter_leaf_preserves_negative_zero_bits
        PASS [   0.006s] ( 500/1463) quest-compile::symbolic_contract cancelled_foreign_parameter_is_still_rejected
        PASS [   0.006s] ( 501/1463) quest-compile::symbolic_contract compound_exact_definition_rejects_opaque_argument
        PASS [   0.007s] ( 502/1463) quest-compile::symbolic_contract cancelled_pi_leaves_keep_original_finite_conversion_obligations
        PASS [   0.007s] ( 503/1463) quest-compile::symbolic_contract definition_parameter_substitution_preserves_opaque_signed_zero
        PASS [   0.008s] ( 504/1463) quest-compile::symbolic_contract direct_affine_leaf_and_derived_scaling_keep_original_conversion_obligations
        PASS [   0.007s] ( 505/1463) quest-compile::symbolic_contract finite_exact_zero_merge_can_be_removed
        PASS [   0.007s] ( 506/1463) quest-compile::symbolic_contract ideal_binding_work_forecast_is_stable_after_shared_angle_conversion
        PASS [   0.006s] ( 507/1463) quest-compile::symbolic_contract parity_rewrite_preserves_unbindable_pi_leaf
        PASS [   0.007s] ( 508/1463) quest-compile::symbolic_contract inverse_parameter_leaf_pair_is_removed_with_retained_bindings
        PASS [   0.008s] ( 509/1463) quest-compile::terminal_contract all_pair_precedence_prevents_nontransitive_commutation
        PASS [   0.009s] ( 510/1463) quest-compile::terminal_contract deterministic_exhaustion_returns_original_valid_snapshot
        PASS [   0.008s] ( 511/1463) quest-compile::terminal_contract mandatory_edges_remain_ordered_and_prevent_contraction
        PASS [   0.006s] ( 512/1463) quest-compile::terminal_contract only_strict_improvement_over_identical_terminal_baseline_is_published
        PASS [   0.006s] ( 513/1463) quest-compile::terminal_contract matrix_limit_includes_external_controls
        PASS [   0.006s] ( 514/1463) quest-compile::terminal_contract negative_control_cross_target_is_not_a_commutation_proof
        PASS [   0.010s] ( 515/1463) quest-compile::terminal_contract fusion_preserves_ordered_targets_signed_controls_and_relative_global_phase
        PASS [   0.007s] ( 516/1463) quest-compile::terminal_contract reuse_and_preparation_cost_can_reject_a_shorter_matrix_program
        PASS [   0.008s] ( 517/1463) quest-compile::terminal_contract opaque_matrices_are_schedule_and_fusion_boundaries
        PASS [   0.008s] ( 518/1463) quest-compile::terminal_contract scheduling_is_stable_and_favors_compatible_ready_gates
        PASS [   0.009s] ( 519/1463) quest-compile::terminal_contract terminal_fusion_improves_native_score_and_marks_rounding
        PASS [   0.009s] ( 520/1463) quest-compile::tutorials numeric_widths_and_integer_division_are_explicit
        PASS [   0.008s] ( 521/1463) quest-compile::tutorials owned_diagnostic_retains_source_and_typed_cause
        PASS [   0.010s] ( 522/1463) quest-compile::terminal_contract unknown_mpi_cost_cannot_authorize_changed_dispatches
        PASS [   0.012s] ( 523/1463) quest-compile::tutorials classical_optimization_reports_changes_and_retains_export_authority
        PASS [   0.012s] ( 524/1463) quest-compile::tutorials compiler_tracked_source_uses_the_same_structured_pipeline
        PASS [   0.013s] ( 525/1463) quest-compile::tutorials ideal_builder_separates_exact_rewrites_binding_and_numerical_fusion
        PASS [   0.015s] ( 526/1463) quest-compile::tutorials import_export_preserves_explicit_includes_and_owned_sources
        PASS [   0.011s] ( 527/1463) quest-compile::tutorials structured_macro_builds_bell_program
        PASS [   0.009s] ( 528/1463) quest-compile::tutorials structured_quantum_optimization_keeps_syntax_and_reports_inverse_pairs
        PASS [   0.007s] ( 529/1463) quest-compile::tutorials typed_builder_keeps_classical_categories_and_loop_values
        PASS [   0.012s] ( 530/1463) quest-compile::unified_program exact_captures_are_typed_evaluated_once_and_kept_distinct_from_floats
        PASS [   0.014s] ( 531/1463) quest-compile::unified_program coherent_extraction_preserves_phase_controls_and_rejects_effects
        PASS [   0.014s] ( 532/1463) quest-compile::unified_program builder_array_reference_call_preserves_mutation_and_returns_value
        PASS [   0.009s] ( 533/1463) quest-compile::unified_program immutable_array_binding_checks_shape_and_preserves_dynamic_bounds_traps
        PASS [   0.012s] ( 534/1463) quest-compile::unified_program finite_import_preserves_measurement_feedback_and_exact_target
        PASS [   0.009s] ( 535/1463) quest-compile::unified_program payload_register_shape_is_rejected_before_any_executable_effects
        PASS [   0.008s] ( 536/1463) quest-compile::unified_program prepared_capture_identity_distinguishes_signed_zero
        PASS [   0.013s] ( 537/1463) quest-compile::unified_program immutable_input_specialization_is_typed_explicit_and_reuses_static_dispatch
        PASS [   0.008s] ( 538/1463) quest-compile::unified_program ranked_array_admission_rejects_readonly_writes_and_invalid_dimensions
        PASS [   0.009s] ( 539/1463) quest-compile::unified_program qasm_zero_division_stays_a_runtime_trap_after_prior_effects
        PASS [   0.009s] ( 540/1463) quest-compile::unified_program ranked_array_slices_preserve_alias_checks_and_array_return_values
        PASS [   0.008s] ( 541/1463) quest-compile::unified_program static_recipes_preserve_runtime_inputs_and_checked_captures
        PASS [   0.011s] ( 542/1463) quest-compile::unified_program ranked_builder_arrays_preserve_io_shapes_and_mixed_reference_effects
        PASS [   0.010s] ( 543/1463) quest-compile::unified_program typed_builder_embeds_finite_exact_feedback_in_common_program
        PASS [   0.010s] ( 544/1463) quest-compile::unified_program typed_builder_supports_effects_definitions_outputs_and_modifiers
        PASS [   0.025s] ( 545/1463) quest-compile::unified_program explicit_native_synthesis_uses_exact_capture_target_and_preserves_cancellation
        PASS [   1.572s] ( 546/1463) quest-cfd::carleman complete_burgers_hierarchy_converges_without_removing_modes
        PASS [   0.011s] ( 547/1463) quest-compile::unified_program typed_effectful_procedure_accepts_quantum_and_classical_reference_parameters
        PASS [   0.009s] ( 548/1463) quest-compile::unified_program typed_procedure_quantum_shape_and_unitary_context_are_checked
        PASS [   0.010s] ( 549/1463) quest-compile::unified_program typed_mixed_signature_preserves_reference_alias_effects_and_scalar_types
        PASS [   0.009s] ( 550/1463) quest-compile::worker_contract unchanged_worker_output_obeys_aggregate_provenance_budget
        PASS [   0.013s] ( 551/1463) quest-compile::unified_program typed_mixed_signature_rejects_readonly_write_and_foreign_arguments
        PASS [   0.010s] ( 552/1463) quest-compile::worker_contract explicit_synthesis_validates_epsilon_even_without_any_rotation
        PASS [   0.012s] ( 553/1463) quest-compile::unitary_admission explicit_unitary_evidence_is_bounded_and_separate_from_general_storage
        PASS [   0.008s] ( 554/1463) quest-compile::worker_contract zx_candidate_propagates_worker_error_after_an_effect_fence
        PASS [   0.007s] ( 555/1463) quest-language quantum::model::rational_pi_binding_tests::rational_pi_binding_rounds_only_after_multiplying_by_pi
        PASS [   0.119s] ( 556/1463) quest-compile::parity_contract seeded_affine_phase_windows_preserve_every_basis_column_and_scalar_phase
        PASS [   0.007s] ( 557/1463) quest-language quantum::program::plan_order_tests::distinct_parameter_bindings_have_distinct_bound_snapshots
        PASS [   0.006s] ( 558/1463) quest-language rational::tests::rational_pi_keeps_subnormals_until_the_final_rounding
        PASS [   0.008s] ( 559/1463) quest-language quantum::program::plan_order_tests::plan_rejects_reordered_mandatory_edge
        PASS [   0.007s] ( 560/1463) quest-language rational::tests::rational_conversion_rounds_ties_and_subnormals_once
        PASS [   0.006s] ( 561/1463) quest-language semantic::template::tests::template_json_preserves_escaped_values_at_the_exact_limit
        PASS [   0.010s] ( 562/1463) quest-language rational::tests::rational_pi_refines_around_an_independently_computed_midpoint
        PASS [   0.008s] ( 563/1463) quest-language semantic::builder::shared::tests::shallow_nodes_admit_retained_arc_storage_before_allocation
        PASS [   0.007s] ( 564/1463) quest-language ssa::quantum_flow::tests::backedges_follow_dominance_even_when_block_numbers_are_reversed
        PASS [   0.023s] ( 565/1463) quest-compile::worker_contract zx_candidate_accepts_a_longer_certified_region_with_fresh_identities
        PASS [   0.018s] ( 566/1463) quest-compile::worker_contract zx_expanded_candidate_uses_its_distinct_request_and_keeps_growth_for_scoring
        PASS [   0.007s] ( 567/1463) quest-language semantic::template::tests::template_serialization_stops_at_the_byte_limit
        PASS [   0.016s] ( 568/1463) quest-language rational::tests::direct_affine_conversion_admits_finite_cancellation_of_overflowing_terms
        PASS [   0.009s] ( 569/1463) quest-language::builder_contract array_initializers_admit_aggregate_shared_expression_expansion
        PASS [   0.006s] ( 570/1463) quest-language::builder_contract ranked_indices_admit_combined_base_and_shared_index_expansions
        PASS [   0.006s] ( 571/1463) quest-language::builder_contract boolean_construction_obeys_zero_storage_and_node_budgets
        PASS [   0.008s] ( 572/1463) quest-language::builder_contract typed_builder_bounds_shared_expression_expansion_before_materialization
        PASS [   0.006s] ( 573/1463) quest-language::builder_contract typed_builder_rejects_foreign_handles_and_invalid_widths
        PASS [   0.007s] ( 574/1463) quest-language::builder_contract typed_builder_uses_hygienic_names_and_rejects_nested_qubit_declarations
        PASS [   0.008s] ( 575/1463) quest-language::builder_contract typed_builder_gate_parameters_do_not_bypass_explicit_cast_rules
        PASS [   0.006s] ( 576/1463) quest-language::classical_contract explicit_cast_categories_follow_the_openqasm_allowed_cast_table
        PASS [   0.007s] ( 577/1463) quest-language::classical_contract angle_casts_are_modular_and_ties_even
        PASS [   0.009s] ( 578/1463) quest-language::builder_contract typed_builder_constructs_control_flow_through_shared_admission
        PASS [   0.007s] ( 579/1463) quest-language::classical_contract casts_preserve_bits_and_reject_invalid_widths_and_nonfinite_values
        PASS [   0.007s] ( 580/1463) quest-language::classical_contract angle_products_preserve_units_and_reject_mixed_addition
        PASS [   0.008s] ( 581/1463) quest-language::classical_contract standard_builtins_keep_widths_and_signed_rotation_distances
        PASS [   0.009s] ( 582/1463) quest-language::classical_contract integer_division_and_checked_signed_overflow
        PASS [   0.007s] ( 583/1463) quest-language::contracts diagnostic_keeps_typed_budget_and_cross_source_expansion_context
        PASS [   0.007s] ( 584/1463) quest-language::contracts diagnostic_roundtrip_preserves_sources_causes_and_suggestions
        PASS [   0.010s] ( 585/1463) quest-language::contracts diagnostic_checks_trace_and_replacement_spans_without_labels
        PASS [   0.009s] ( 586/1463) quest-language::contracts exact_u_decomposition_keeps_global_phase_and_execution_order
        PASS [   0.009s] ( 587/1463) quest-language::contracts location_only_occurrences_allow_missing_text_but_validate_present_snapshots
        PASS [   0.233s] ( 588/1463) quest-compile::differential randomized_exact_pass_and_fusion_preserve_complex_state_including_phase
        PASS [   0.010s] ( 589/1463) quest-language::contracts registry_adjoint_and_decomposition_references_are_well_formed
        PASS [   0.013s] ( 590/1463) quest-language::contracts controlled_gate_signature_separates_controls_from_targets
        PASS [   0.006s] ( 591/1463) quest-language::contracts serde_rejects_reversed_spans_and_duplicate_snapshot_identities
        PASS [   0.006s] ( 592/1463) quest-language::contracts source_errors_convert_without_inventing_structured_fields
        PASS [   0.006s] ( 593/1463) quest-language::contracts source_spans_reject_reversal_bounds_and_split_utf8
        PASS [   0.006s] ( 594/1463) quest-language::quantum_flow alias_query_requires_same_snapshot_and_region
        PASS [   0.007s] ( 595/1463) quest-language::edit_contract verified_snapshots_reject_handles_from_other_edit_publications
        PASS [   0.008s] ( 596/1463) quest-language::edit_contract allocated_ids_are_owned_unique_and_carry_no_publication_proof
        PASS [   0.008s] ( 597/1463) quest-language::edit_contract synthetic_oracle_checks_all_existing_nodes_before_mutation
        PASS [   0.007s] ( 598/1463) quest-language::quantum_flow branches_and_backedges_have_finite_edge_tagged_versions
        PASS [   0.007s] ( 599/1463) quest-language::quantum_flow fact_alias_work_and_edge_caps_fail_before_unbounded_growth
        PASS [   0.010s] ( 600/1463) quest-language::contracts source_identity_cannot_replace_an_existing_snapshot
        PASS [   0.009s] ( 601/1463) quest-language::edit_contract synthetic_oracle_region_is_bounded_owned_and_independently_verified
        PASS [   0.009s] ( 602/1463) quest-language::quantum_flow coupled_gate_outputs_depend_on_the_complete_input_tuple
        PASS [   0.007s] ( 603/1463) quest-language::quantum_flow static_wires_have_distinct_versions_and_dynamic_index_clobbers_its_root
        PASS [   0.056s] ( 604/1463) quest-compile::worker_contract numerical_oracle_calls_keep_local_certificates_without_a_global_bound
        PASS [   0.006s] ( 605/1463) quest-language::ssa_contract compilation_budgets_precede_recursive_ast_traversal_and_large_storage
        PASS [   0.006s] ( 606/1463) quest-language::ssa_contract constant_widths_are_available_in_forward_function_signatures
        PASS [   0.008s] ( 607/1463) quest-language::ssa_contract admits_mixed_functions_dynamic_parameters_aliases_and_typed_return
        PASS [   0.008s] ( 608/1463) quest-language::ssa_contract broadcasts_user_gates_but_keeps_mixed_reference_shapes_exact
        PASS [   0.007s] ( 609/1463) quest-language::ssa_contract constant_boolean_short_circuit_skips_unexecuted_domain_errors
        PASS [   0.006s] ( 610/1463) quest-language::ssa_contract contextual_array_literals_obey_element_width_and_const_admission
        PASS [   0.009s] ( 611/1463) quest-language::ssa_contract constant_control_paths_preserve_definite_assignment_and_total_returns
        PASS [   0.008s] ( 612/1463) quest-language::ssa_contract controlled_user_gate_carries_external_controls_separately
        PASS [   1.652s] ( 613/1463) quest-build probe::tests::reconfiguration_uses_current_prefix_after_explicit_selection_is_removed
        PASS [   0.008s] ( 614/1463) quest-language::ssa_contract creates_scalar_block_arguments_for_branch_and_loop_carried_values
        PASS [   0.006s] ( 615/1463) quest-language::ssa_contract gate_parameters_require_real_values_without_implicit_bit_interpretation
        PASS [   0.008s] ( 616/1463) quest-language::ssa_contract dynamic_explicit_casts_reject_forbidden_type_pairs_before_execution
        PASS [   0.006s] ( 617/1463) quest-language::ssa_contract independent_verifier_rejects_duplicate_named_input_output_interfaces
        PASS [   0.007s] ( 618/1463) quest-language::ssa_contract gate_powers_reject_implicit_noninteger_counts_during_admission
        PASS [   0.007s] ( 619/1463) quest-language::ssa_contract global_quantum_allocations_hoist_without_forward_name_visibility
        PASS [   0.007s] ( 620/1463) quest-language::ssa_contract implicit_conversions_do_not_grant_explicit_bit_or_angle_casts
        PASS [   0.008s] ( 621/1463) quest-language::ssa_contract independent_verifier_rejects_foreign_region_entry_identity
        PASS [   0.165s] ( 622/1463) quest-compile::provenance_contract long_merge_history_is_linear_and_expands_every_source_without_recursion
        PASS [   0.007s] ( 623/1463) quest-language::ssa_contract independent_verifier_rejects_forged_immutable_reinitialization
        PASS [   0.006s] ( 624/1463) quest-language::ssa_contract independent_verifier_rejects_forward_value_use
        PASS [   0.009s] ( 625/1463) quest-language::ssa_contract independent_verifier_rejects_forged_noninteger_power_values
        PASS [   0.007s] ( 626/1463) quest-language::ssa_contract independent_verifier_rejects_stale_memory_wrong_results_and_missing_edge_arguments
        PASS [   0.010s] ( 627/1463) quest-language::ssa_contract independent_verifier_rejects_forged_cast_between_forbidden_categories
        PASS [   0.007s] ( 628/1463) quest-language::ssa_contract independent_verifier_requires_a_parameterless_void_mixed_program_entry
        PASS [   0.007s] ( 629/1463) quest-language::ssa_contract independently_rejects_foreign_ids_effect_tampering_and_unsealed_blocks
        PASS [   0.007s] ( 630/1463) quest-language::ssa_contract local_nonconstant_shadow_cannot_supply_global_constant_array_extent
        PASS [   0.007s] ( 631/1463) quest-language::ssa_contract permits_value_parameter_mutation_but_rejects_effectful_gate_bodies
        PASS [   0.008s] ( 632/1463) quest-language::ssa_contract normalized_negative_indices_cannot_hide_mutable_aliases
        PASS [   0.007s] ( 633/1463) quest-language::ssa_contract quantum_declarations_are_restricted_to_global_scope
        PASS [   0.007s] ( 634/1463) quest-language::ssa_contract quantum_dependency_graph_retains_occurrences_without_cfg_backedges
        PASS [   0.007s] ( 635/1463) quest-language::ssa_contract rejects_nonunitary_gate_effects_even_in_constant_dead_branches
        PASS [   0.007s] ( 636/1463) quest-language::ssa_contract rejects_invalid_mutability_return_width_and_control_context
        PASS [   0.009s] ( 637/1463) quest-language::ssa_contract proves_partial_array_and_bit_initialization_across_branches
        PASS [   0.007s] ( 638/1463) quest-language::ssa_contract rejects_reads_not_assigned_on_every_branch
        PASS [   0.011s] ( 639/1463) quest-language::ssa_contract lowers_for_ranges_sets_arrays_and_switch_with_control_transfers
        PASS [   0.006s] ( 640/1463) quest-language::ssa_contract retained_bytes_include_nested_owned_capacity
        PASS [   0.007s] ( 641/1463) quest-language::ssa_contract rejects_recursive_calls_and_aliased_gate_operands
        PASS [   0.006s] ( 642/1463) quest-language::ssa_contract verifies_loop_back_edges_and_preserves_gate_occurrences
        PASS [   0.008s] ( 643/1463) quest-language::ssa_contract switch_labels_are_distinct_after_selector_width_conversion
        PASS [   0.006s] ( 644/1463) quest-language::syntax_contract comma_indices_match_nested_indices_and_scalar_gate_modifiers_survive
        PASS [   0.008s] ( 645/1463) quest-language::ssa_contract verifier_rejects_forged_readonly_quantum_reference_parameter
        PASS [   0.005s] ( 646/1463) quest-language::syntax_contract retains_gate_and_subroutine_declarations
        PASS [   0.006s] ( 647/1463) quest-language::syntax_contract preserves_integer_precedence_and_structured_control
        PASS [   0.006s] ( 648/1463) quest-language::syntax_contract rejects_truncated_syntax_and_hardware_capabilities
        PASS [   0.006s] ( 649/1463) quest-language::vm_contract backend_failures_retain_location_context_and_completed_prefix
        PASS [   0.009s] ( 650/1463) quest-language::template_contract serialized_scalar_cannot_bypass_checked_widths_and_payloads
        PASS [   0.007s] ( 651/1463) quest-language::vm_contract broadcasts_user_gates_and_vector_controls_in_lane_order
        PASS [   0.009s] ( 652/1463) quest-language::template_contract previous_template_version_is_rejected_without_legacy_decode
        PASS [   0.008s] ( 653/1463) quest-language::vm_contract arrays_mutable_references_and_runtime_alias_checks_use_actual_indices
        PASS [   0.006s] ( 654/1463) quest-language::vm_contract duplicate_input_insertion_preserves_the_original_value
        PASS [   0.007s] ( 655/1463) quest-language::vm_contract captures_dynamic_parameters_and_user_gate_adjoint_powers_are_exactly_ordered
        PASS [   0.037s] ( 656/1463) quest-language::ssa_contract branch_heavy_region_verifies_with_linear_dominance_storage
        PASS [   0.011s] ( 657/1463) quest-language::template_contract template_reuses_checked_graph_and_rejects_mutated_effects
        PASS [   0.007s] ( 658/1463) quest-language::vm_contract dynamic_indices_and_all_runtime_limits_fail_before_unsafe_progress
        PASS [   0.007s] ( 659/1463) quest-language::vm_contract executes_cfg_backedges_branches_returns_and_owned_outputs
        PASS [   0.007s] ( 660/1463) quest-language::vm_contract integer_gate_powers_preserve_signed_adjoint_and_runtime_unsigned_counts
        PASS [   0.008s] ( 661/1463) quest-language::vm_contract executes_break_continue_nested_calls_and_scalar_builtins
        PASS [   0.006s] ( 662/1463) quest-language::vm_contract intrinsic_and_explicit_controls_measurement_reset_and_barrier_are_dispatched
        PASS [   0.006s] ( 663/1463) quest-language::vm_contract output_map_storage_is_admitted_before_quantum_mutation
        PASS [   0.006s] ( 664/1463) quest-language::vm_contract user_gate_angle_arguments_use_radians_without_permitting_float_casts
        PASS [   0.007s] ( 665/1463) quest-language::vm_contract shared_builder_expressions_preserve_materialized_evaluation_and_occurrences
        PASS [   0.007s] ( 666/1463) quest-language::vm_contract physically_allocates_verified_partially_initialized_arrays_and_bitstrings
        PASS [   0.007s] ( 667/1463) quest-macros adapter::tests::token_punctuation_preserves_operators_and_string_literals
        PASS [   0.006s] ( 668/1463) quest-math::approximation affine_pi_certifies_both_exact_terms_and_retains_target
        PASS [   0.008s] ( 669/1463) quest-language::vm_contract range_advance_handles_signed_and_unsigned_boundaries_and_zero_step_assertion
        PASS [   0.006s] ( 670/1463) quest-math interval::signed_division_tests::interval_endpoints_round_negative_quotients_outward
        PASS [   0.008s] ( 671/1463) quest-macros adapter::tests::shared_grammar_retains_control_and_capture_order
        PASS [   0.007s] ( 672/1463) quest-math::approximation affine_pi_reduction_keeps_full_four_pi_phase
        PASS [   0.006s] ( 673/1463) quest-math::approximation exact_dyadic_decoding_preserves_subnormals_and_rejects_nonfinite_payloads
        PASS [   0.008s] ( 674/1463) quest-math::approximation basis_conjugation_orientations_are_certified_independently
        PASS [   0.006s] ( 675/1463) quest-math::approximation golden_frobenius_bound_for_t_minus_identity_is_two_minus_sqrt_two
        PASS [   0.008s] ( 676/1463) quest-math::approximation affine_pi_rejects_bad_denominators_and_input_budget
        PASS [   0.006s] ( 677/1463) quest-math::approximation rotation_two_pi_phase_is_not_reduced_away
        PASS [   0.006s] ( 678/1463) quest-math::approximation tiny_dyadic_angles_have_proved_pass_fail_tolerance_boundaries
        PASS [   0.008s] ( 679/1463) quest-math::controlled affine_two_pi_scalar_phase_survives_negative_control_lift
        PASS [   0.007s] ( 680/1463) quest-math::controlled controlled_lift_rechecks_affine_target_identity_budget
        PASS [   0.008s] ( 681/1463) quest-math::approximation mathematical_rotation_certificates_keep_phase_and_input_identity
        PASS [   0.008s] ( 682/1463) quest-math::controlled controlled_lift_rejects_incomplete_overlapping_and_over_budget_interfaces
        PASS [   0.007s] ( 683/1463) quest-math::controlled existing_base_scalar_control_is_remapped_to_the_new_target
        PASS [   0.005s] ( 684/1463) quest-math::encoding angle_interchange_reduces_signed_pairs_to_decimal_strings
        PASS [   0.006s] ( 685/1463) quest-math::encoding angle_interchange_rejects_noncanonical_or_unreduced_pairs
        PASS [   0.005s] ( 686/1463) quest-math::exact bounds_and_duplicate_operands_are_checked_before_matrix_work
        PASS [   0.012s] ( 687/1463) quest-math::approximation large_nondyadic_affine_radians_require_refinement_and_respect_budget
        PASS [   0.010s] ( 688/1463) quest-math::controlled exact_controlled_rotation_matches_signed_nonsorted_full_matrix
        PASS [   0.008s] ( 689/1463) quest-math::exact all_primitive_inverses_and_controlled_scalar_phases_are_exact
        PASS [   0.007s] ( 690/1463) quest-math::exact exact_matrices_preserve_product_order_and_scalar_phase
        PASS [   0.006s] ( 691/1463) quest-math::exact hadamard_then_t_has_independent_exact_coefficients
        PASS [   0.006s] ( 692/1463) quest-math::exact sequence_and_matrix_allocations_share_one_budget
        PASS [   0.006s] ( 693/1463) quest-math::mitm_enclosure box_gap_is_closed_at_the_boundary
        PASS [   0.007s] ( 694/1463) quest-math::exact signed_controls_and_nonsorted_targets_match_independent_basis_maps
        PASS [   0.006s] ( 695/1463) quest-math::mitm_enclosure exact_identity_and_zero_rotation_boxes_overlap
        PASS [   0.006s] ( 696/1463) quest-math::mitm_enclosure angle_input_kinds_share_certified_enclosure_path
        PASS [   0.007s] ( 697/1463) quest-math::mitm_matrix checked_small_matrix_product_matches_chronological_reconstruction
        PASS [   0.006s] ( 698/1463) quest-math::mitm_matrix exact_matrix_key_preserves_global_phase
        PASS [   0.006s] ( 699/1463) quest-math::ring conjugation_and_admission_respect_exact_resource_bounds
        PASS [   0.007s] ( 700/1463) quest-math::ring cyclotomic_payload_uses_decimal_coefficients
        PASS [   0.006s] ( 701/1463) quest-math::synthesis_proof clean_contract_does_not_require_an_identity_action_on_occupied_ancilla
        PASS [   0.006s] ( 702/1463) quest-math::ring eighth_roots_and_sqrt_two_retain_exact_phase
        PASS [   0.005s] ( 703/1463) quest-math::synthesis_proof empty_identity_proof_still_charges_dense_replay_work
        PASS [   0.005s] ( 704/1463) quest-math::synthesis_proof combined_synthesis_storage_is_admitted_before_proof_and_output_allocation
        PASS [   0.006s] ( 705/1463) quest-math::synthesis_proof independent_trace_checker_rejects_word_and_trace_corruption
        PASS [   0.006s] ( 706/1463) quest-math::synthesis_ring denominator_exponents_are_distinct_and_residues_are_exact
        PASS [   0.006s] ( 707/1463) quest-math::synthesis_ring eighth_root_phase_admission_and_extraction_are_typed
        PASS [   0.006s] ( 708/1463) quest-mathcore exact::storage_tests::cancelled_storage_is_compact_or_fully_charged
        PASS [   0.007s] ( 709/1463) quest-math::synthesis_ring residue_norm_classes_and_reducibility_match_the_ring
        PASS [   0.005s] ( 710/1463) quest-mathcore exact::tests::coefficient_limit_allows_negation_and_self_cancellation_at_boundary
        PASS [   0.006s] ( 711/1463) quest-mathcore exact::tests::affine_type_is_cloneable_and_immutable
        PASS [   0.005s] ( 712/1463) quest-mathcore exact::tests::export_is_bounded_and_retained_until_drop
        PASS [   0.006s] ( 713/1463) quest-mathcore exact::tests::exact_equality_and_zero_survive_cancellation
        PASS [   0.006s] ( 714/1463) quest-mathcore exact::tests::denominator_sign_is_normalized_and_zero_is_rejected
        PASS [   0.007s] ( 715/1463) quest-mathcore exact::tests::context_usage_tracks_retained_storage_and_work_across_clones
        PASS [   0.006s] ( 716/1463) quest-mathcore exact::tests::foreign_constants_obey_receiving_coefficient_limits
        PASS [   0.006s] ( 717/1463) quest-mathcore exact::tests::pi_is_symbolic_and_terms_have_canonical_order
        PASS [   0.006s] ( 718/1463) quest-mathcore exact::tests::import_charges_capacity_and_sort_before_canonicalization
        PASS [   0.006s] ( 719/1463) quest-mathcore exact::tests::signed_ratios_are_normalized_at_admission
        PASS [   0.008s] ( 720/1463) quest-mathcore exact::tests::from_parts_canonicalizes_duplicate_terms_and_rejects_foreign_symbols
        PASS [   0.006s] ( 721/1463) quest-mathcore exact::tests::storage_and_cumulative_work_limits_reject_without_leaking_stage
        PASS [   0.006s] ( 722/1463) quest-mathcore exact::tests::term_and_coefficient_budgets_are_enforced_before_publication
        PASS [   0.006s] ( 723/1463) quest-mathcore exact::tests::thirds_are_canonical_and_large_integers_stay_exact
        PASS [   0.006s] ( 724/1463) quest-mathcore exact::tests::substitution_is_simultaneous_and_rehomes_only_explicit_symbols
        PASS [   0.007s] ( 725/1463) quest-mathcore exact::tests::substitution_charges_mapping_sort_work_before_expansion
        PASS [   0.006s] ( 726/1463) quest-mathcore::consolidation duplicate_monomials_keep_original_key_capacity_accounted
        PASS [   0.006s] ( 727/1463) quest-mathcore::consolidation dynamic_kernel_storage_is_admitted_before_lowering_constants
        PASS [   0.006s] ( 728/1463) quest-mathcore::consolidation dynamic_composition_cannot_bypass_stricter_coefficient_admission
        PASS [   0.005s] ( 729/1463) quest-mathcore::consolidation exact_decimal_grammar_matches_numerical_backend_admission
        PASS [   0.006s] ( 730/1463) quest-mathcore::consolidation exact_constant_kinds_and_polynomial_limits_remain_explicit
        PASS [   0.007s] ( 731/1463) quest-mathcore::consolidation exact_affine_and_sparse_polynomial_have_one_scoped_symbol_identity
        PASS [   0.006s] ( 732/1463) quest-mathcore::consolidation polynomial_expansion_budget_is_charged_before_exact_cancellation
        PASS [   0.006s] ( 733/1463) quest-mathcore::consolidation prepared_polynomial_accounts_retained_capacity_and_unused_coordinates
        PASS [   0.006s] ( 734/1463) quest-mathcore::consolidation typed_dynamic_bridge_and_derivative_retain_domain_obligations
        PASS [   0.007s] ( 735/1463) quest-mathcore::consolidation zero_terms_cannot_hide_large_imported_capacity
        PASS [   0.029s] ( 736/1463) quest-math::oracle independent_decimal_full_matrix_oracles_bracket_every_axis_and_angle_kind
        PASS [   0.855s] ( 737/1463) quest-cfd::physical_pressure_observation timed_lifting_pressure_and_viscous_traction_use_original_acceleration
        PASS [   0.006s] ( 738/1463) quest-mathcore::geometry exact_contacts_crossings_and_hanging_triangle_are_distinguished
        PASS [   0.007s] ( 739/1463) quest-mathcore::geometry exact_displacements_do_not_round_anchor_differences
        PASS [   0.006s] ( 740/1463) quest-mathcore::geometry profile_child
        PASS [   0.006s] ( 741/1463) quest-mathcore::geometry shared_decoder_preserves_exact_import_and_existing_raw_width_guard
        PASS [   0.032s] ( 742/1463) quest-math::oracle pinned_nonclifford_pi_over_seven_sequence_is_certified_at_one_e_minus_twelve
        PASS [   0.006s] ( 743/1463) quest-mathcore::geometry single_binary_bit_gap_overlap_and_hard_width_costs
        PASS [   0.007s] ( 744/1463) quest-mathcore::geometry shortcut_does_not_conceal_invalid_cells_ids_or_scale
        PASS [   0.006s] ( 745/1463) quest-mathcore::geometry tetrahedron_face_edge_vertex_and_hanging_contact_are_exact
        PASS [   0.007s] ( 746/1463) quest-mathcore::geometry source_and_repeated_query_limits_reject_without_hidden_scale_credit
        PASS [   0.048s] ( 747/1463) quest-math::approximation huge_finite_dyadic_angles_use_certified_range_reduction
        PASS [   0.007s] ( 748/1463) quest-mathcore::scope_admission admitted_constant_capture_preserves_entire_input_validation_contract
        PASS [   0.006s] ( 749/1463) quest-mathcore::scope_admission capture_admits_aggregate_nodes_even_when_scope_scratch_fits
        PASS [   0.006s] ( 750/1463) quest-mathcore::scope_admission capture_rejects_heap_constant_payload_before_cloning
        PASS [   0.006s] ( 751/1463) quest-mathcore::scope_admission capture_scope_work_boundary_is_charged_and_original_binding_order_survives
        PASS [   0.007s] ( 752/1463) quest-mathcore::scope_admission capture_admits_complete_scope_storage_before_allocating
        PASS [   0.007s] ( 753/1463) quest-mathcore::scope_admission capture_admits_scope_work_before_allocating
        PASS [   0.006s] ( 754/1463) quest-mathcore::scope_admission duplicate_scopes_are_rejected_with_admitted_bounded_scratch
        PASS [   0.006s] ( 755/1463) quest-mathcore::scope_admission lower_admits_scope_scratch_before_allocating_or_backend_callbacks
        PASS [   0.006s] ( 756/1463) quest-mathcore::scope_admission lowering_work_rejection_precedes_scope_allocation_and_backend_callbacks
        PASS [   0.007s] ( 757/1463) quest-mathcore::scope_admission expression_polynomial_rejects_scope_before_cloning_it
        PASS [   0.006s] ( 758/1463) quest-mathcore::scope_admission polynomial_convenience_constructors_preflight_scope_work_before_exponents
        PASS [   0.013s] ( 759/1463) quest-mathcore::geometry unsafe_mul_and_square_tuning_profiles_are_rejected_in_subprocesses
        PASS [   0.006s] ( 760/1463) quest-mathcore::scope_admission sparse_import_rejects_retained_capacity_before_uniqueness_or_terms
        PASS [   0.006s] ( 761/1463) quest-numerics::arithmetic arbitrary_size_ratio_import_and_exponent_admission
        PASS [   0.007s] ( 762/1463) quest-numerics::arithmetic binary64_exact_import_avoids_double_rounding
        PASS [   0.006s] ( 763/1463) quest-numerics::arithmetic binary64_point_fast_paths_preserve_bits_and_reject_nonfinite
        PASS [   0.005s] ( 764/1463) quest-numerics::arithmetic exact_binary64_export_rounds_values_between_maximum_and_overflow_midpoint
        PASS [   0.006s] ( 765/1463) quest-numerics::arithmetic bulk_work_preserves_nested_limits_and_default_visit_errors
        PASS [   0.005s] ( 766/1463) quest-numerics::arithmetic exact_constants_and_second_order_ad
        PASS [   0.007s] ( 767/1463) quest-numerics::arithmetic endpoint_extrema_and_domains
        PASS [   0.006s] ( 768/1463) quest-numerics::arithmetic exponential_underflow_is_rejected_before_zero_can_escape
        PASS [   0.007s] ( 769/1463) quest-numerics::arithmetic exponent_admission_uses_value_magnitude_and_not_raw_native_scale
        PASS [   0.005s] ( 770/1463) quest-numerics::arithmetic identity_ad_seeds_reject_invalid_values_without_rounding
        PASS [   0.006s] ( 771/1463) quest-numerics::arithmetic first_and_vector_derivatives_are_structural
        PASS [   0.006s] ( 772/1463) quest-numerics::arithmetic gradient_storage_is_heap_owned_independent_of_static_dimension
        PASS [   0.006s] ( 773/1463) quest-numerics::arithmetic jacobian_limits_precede_callback_and_output_shapes_are_checked
        PASS [   0.006s] ( 774/1463) quest-numerics::arithmetic invalid_mp_operands_cannot_pass_zero_shortcuts
        PASS [   0.005s] ( 775/1463) quest-numerics::arithmetic mp_precision_is_bit_granular_and_preserves_native_endpoints
        PASS [   0.007s] ( 776/1463) quest-numerics::arithmetic mp_interval_retains_decimal_and_binary64_distinction
        PASS [   0.008s] ( 777/1463) quest-numerics::arithmetic mp_midpoint_of_higher_precision_endpoints_stays_inside
        PASS [   0.007s] ( 778/1463) quest-numerics::arithmetic mp_trigonometric_extrema_and_large_phase_widen_conservatively
        PASS [   0.005s] ( 779/1463) quest-numerics::arithmetic native_binary64_interchange_preserves_ties_subnormals_and_overflow
        PASS [   0.006s] ( 780/1463) quest-numerics::arithmetic operation_budget_is_shared_and_preserves_enclosure_admission
        PASS [   0.007s] ( 781/1463) quest-numerics::arithmetic rational_operands_obey_exponent_policy_before_cancellation
        PASS [   0.008s] ( 782/1463) quest-numerics::arithmetic native_guard_digit_survives_backend_and_endpoint_transfer
        PASS [   0.006s] ( 783/1463) quest-numerics::arithmetic subnormal_midpoint_stays_inside
        PASS [   0.006s] ( 784/1463) quest-numerics::arithmetic underflow_is_not_an_exact_zero_constant
        PASS [   0.008s] ( 785/1463) quest-numerics::arithmetic rectangular_jacobian_uses_one_structural_evaluation
        PASS [   0.006s] ( 786/1463) quest-numerics::constraint_whitening rejects_non_spd_shape_symmetry_and_capacity
        PASS [   0.007s] ( 787/1463) quest-numerics::arithmetic validation_preserves_wide_seeds_and_checks_composite_components
        PASS [   0.035s] ( 788/1463) quest-mathcore::geometry profile_string_domain_and_tiny_budget_precedence_are_explicit
        PASS [   0.012s] ( 789/1463) quest-numerics::arithmetic native_mp_backends_keep_precision_local_to_parallel_workers
        PASS [   0.007s] ( 790/1463) quest-numerics::arithmetic value_and_derivative_domains_differ_at_square_root_zero
        PASS [   0.006s] ( 791/1463) quest-numerics::constraint_whitening whitening_roundtrip_and_dual_force
        PASS [   0.010s] ( 792/1463) quest-numerics::arithmetic scalar_storage_tracks_significand_instead_of_requested_precision
        PASS [   0.007s] ( 793/1463) quest-numerics::kernels convolution_recovers_after_rejection_and_overflow
        PASS [   0.009s] ( 794/1463) quest-numerics::kernels complex_convolution_has_exact_support_and_reuses_buffers
        PASS [   0.007s] ( 795/1463) quest-numerics::kernels fft_matches_independent_four_point_dft_and_normalized_round_trip
        PASS [   0.007s] ( 796/1463) quest-numerics::kernels interval_arithmetic_preserves_subnormals_and_rejects_overflow
        PASS [   0.006s] ( 797/1463) quest-numerics::kernels intervals_enclose_arithmetic_and_check_elementary_domains
        PASS [   0.007s] ( 798/1463) quest-numerics::kernels forward_normalization_and_inverse_sign_are_independent
        PASS [   0.008s] ( 799/1463) quest-numerics::kernels fft_rejects_invalid_lengths_budgets_and_nonfinite_inputs
        PASS [   0.029s] ( 800/1463) quest-numerics::arithmetic exact_binary64_import_export_round_trip_spans_finite_bit_patterns
        PASS [   0.006s] ( 801/1463) quest-numerics::kernels prime_length_fft_matches_direct_scalar_dft
        PASS [   0.006s] ( 802/1463) quest-numerics::observer compile_time_noop_observer_never_reads_the_clock
        PASS [   0.006s] ( 803/1463) quest-numerics::kernels resource_admission_includes_convolution_buffers_and_three_transforms
        PASS [   0.006s] ( 804/1463) quest-numerics::kernels simd_request_without_compiled_backend_is_an_error
        PASS [   0.007s] ( 805/1463) quest-numerics::observer backward_caller_clock_is_marked_instead_of_underflowing
        PASS [   0.006s] ( 806/1463) quest-numerics::observer owned_trace_records_success_errors_and_early_drop
        PASS [   0.009s] ( 807/1463) quest-numerics::observer chrome_json_contains_typed_stage_outcomes_and_trace_loss
        PASS [   0.007s] ( 808/1463) quest-numerics::observer trace_outcomes_and_exhaustion_are_explicit
        PASS [   0.007s] ( 809/1463) quest-numerics::roots_generic backend_failure_retains_partial_cover
        PASS [   0.014s] ( 810/1463) quest-numerics::observer nested_scopes_include_the_complete_operation_and_its_retry_loop
        PASS [   0.026s] ( 811/1463) quest-numerics::exact_oracle directed_transcendentals_enclose_frozen_libmpdec_reference_bounds
        PASS [   0.008s] ( 812/1463) quest-numerics::roots_generic constant_zero_is_covered_as_continuum_and_constant_nonzero_is_excluded
        PASS [   0.008s] ( 813/1463) quest-numerics::roots_generic coupled_vector_system_contracts_with_rounded_inverse
        PASS [   0.010s] ( 814/1463) quest-numerics::root_allocations continuum_cover_allocates_only_the_used_queue
        PASS [   0.008s] ( 815/1463) quest-numerics::roots_generic derivative_exclusion_is_only_at_most_one
        PASS [   0.009s] ( 816/1463) quest-numerics::roots_generic endpoint_and_repeated_roots_are_distinguished
        PASS [   0.007s] ( 817/1463) quest-numerics::roots_generic initial_backend_budget_failure_retains_domain
        PASS [   0.007s] ( 818/1463) quest-numerics::roots_generic metadata_failure_retains_current_parent
        PASS [   0.006s] ( 819/1463) quest-numerics::roots_generic mp_root_cover_certifies_below_binary64_range
        PASS [   0.006s] ( 820/1463) quest-numerics::roots_generic mp_limb_storage_is_admitted_before_callback_execution
        PASS [   0.006s] ( 821/1463) quest-numerics::roots_generic repeated_root_coverage_completes_without_claiming_uniqueness
        PASS [   0.006s] ( 822/1463) quest-numerics::roots_generic scalar_methods_and_split_branches_have_separate_evidence
        PASS [   0.007s] ( 823/1463) quest-numerics::roots_generic split_and_budget_preserve_both_roots
        PASS [   0.035s] ( 824/1463) quest-numerics::exact_oracle exact_dyadic_binary64_exports_obey_independent_rational_distance
        PASS [   0.008s] ( 825/1463) quest-numerics::roots_generic scalar_split_admission_preserves_parent_before_committing
        PASS [   0.031s] ( 826/1463) quest-numerics::kernels power_of_two_fft_admits_logarithmic_work_budget_and_keeps_arbitrary_length_accounting
        PASS [   0.007s] ( 827/1463) quest-numerics::roots_generic vector_linear_system_is_unique_and_singular_is_not
        PASS [   0.006s] ( 828/1463) quest-numerics::roots_generic vector_returned_mp_limb_storage_is_admitted
        PASS [   0.006s] ( 829/1463) quest-numerics::roots_generic vector_splits_survive_branch_and_storage_budgets
        PASS [   0.006s] ( 830/1463) quest-numerics::roots_generic vector_storage_admits_simultaneous_matrices_before_callback
        PASS [   0.006s] ( 831/1463) quest-numerics::shared_convolution shared_forward_errors_scan_left_before_rhs_and_do_not_mark_ready
        PASS [   0.007s] ( 832/1463) quest-numerics::shared_convolution shared_admission_accounts_three_arrays_and_cold_product_work
        PASS [   0.006s] ( 833/1463) quest-numerics::shared_convolution shared_products_preserve_shape_and_left_first_finite_error_order
        PASS [   0.006s] ( 834/1463) quest-numerics::shared_convolution shared_sessions_reset_spectra_and_zero_padding_for_shorter_inputs
        PASS [   0.007s] ( 835/1463) quest-numerics::shared_convolution shared_simd_request_without_compiled_backend_is_rejected
        PASS [   0.006s] ( 836/1463) quest-numerics::sparse construction_and_execution_budgets_are_independent
        PASS [   0.007s] ( 837/1463) quest-numerics::shared_convolution shared_work_tracks_lazy_rhs_and_invalidates_cached_state_on_errors
        PASS [   0.005s] ( 838/1463) quest-numerics::sparse csc_one_based_adjoint_and_reference_products_agree
        PASS [   0.007s] ( 839/1463) quest-numerics::sparse canonical_segments_sum_duplicates_in_input_order_and_remove_zeros
        PASS [   1.719s] ( 840/1463) quest-cfd::cylinder_evolution declared_extra_owner_and_integration_reserve_reject_before_callbacks
        PASS [   0.006s] ( 841/1463) quest-numerics::sparse construction_work_includes_validation_and_pointer_output_passes
        PASS [   0.006s] ( 842/1463) quest-numerics::sparse norm_bounds_scale_large_tiny_and_zero_operators
        PASS [   0.006s] ( 843/1463) quest-numerics::sparse malformed_storage_and_nonfinite_duplicates_fail
        PASS [   0.007s] ( 844/1463) quest-numerics::sparse limits_reject_shapes_work_entries_and_nonfinite_products
        PASS [   0.006s] ( 845/1463) quest-numerics::sparse norms_bound_a_rectangular_operator
        PASS [   0.081s] ( 846/1463) quest-mathcore::geometry deterministic_general_pairs_match_independent_cramer_vertices
        PASS [   0.006s] ( 847/1463) quest-numerics::sparse triplets_preserve_nonassociative_duplicate_order
        PASS [   0.005s] ( 848/1463) quest-numerics::sparse_stream malformed_local_csr_and_duplicate_ordinals_reject
        PASS [   0.005s] ( 849/1463) quest-numerics::sparse_stream stream_rejects_unadmitted_growth_nonfinite_and_work
        PASS [   0.005s] ( 850/1463) quest-numerics::sparse_stream streamed_duplicates_follow_ordinals_and_remove_canonical_zeros
        PASS [   0.006s] ( 851/1463) quest-optimizer-client::process_contract affine_byte_budget_rejects_before_worker_process_starts
        PASS [   0.009s] ( 852/1463) quest-optimizer-client process::review_tests::exit_observation_keeps_pid_owned_until_group_cleanup_and_reap
        PASS [   0.014s] ( 853/1463) quest-optimizer-client::mitm_parent parent_approx_certificate_uses_original_target
        PASS [   0.007s] ( 854/1463) quest-optimizer-protocol::mitm_wire encoded_byte_limit_preserves_budget_error_and_exact_boundary
        PASS [   0.013s] ( 855/1463) quest-optimizer-client::process_contract bounded_valid_response_and_capability_rejection
        PASS [   0.008s] ( 856/1463) quest-optimizer-protocol::mitm_wire exact_targets_use_canonical_decimal_wire_pairs
        PASS [   0.014s] ( 857/1463) quest-optimizer-client::process_contract expanded_zx_request_is_distinct_and_parent_certifies_its_response
        PASS [   0.019s] ( 858/1463) quest-optimizer-client::mitm_parent parent_rejects_forged_exact_candidate_and_preserves_incomplete
        PASS [   0.006s] ( 859/1463) quest-optimizer-protocol::mitm_wire mitm_terminal_outcomes_remain_distinct
        PASS [   0.019s] ( 860/1463) quest-optimizer-client::process_contract affine_target_is_certified_against_original_identity_after_untrusted_response
        PASS [   0.006s] ( 861/1463) quest-optimizer-protocol::mitm_wire versioned_mitm_request_round_trips_and_rejects_excess_limits
        PASS [   0.006s] ( 862/1463) quest-polynomial::analysis basis_derivatives_preserve_parameters_and_match_exact_legendre_identity
        PASS [   0.018s] ( 863/1463) quest-optimizer-client::process_contract rejects_malformed_output_and_wrong_seed
        PASS [   0.018s] ( 864/1463) quest-optimizer-client::process_contract well_formed_candidates_still_need_independent_mathematical_admission
        PASS [   0.009s] ( 865/1463) quest-polynomial::analysis basis_conversion_preflights_aggregate_storage_and_work
        PASS [   0.215s] ( 866/1463) quest-language rational::tests::rational_pi_rejects_uncertainty_beyond_the_precision_cap
        PASS [   0.007s] ( 867/1463) quest-polynomial::analysis conversion_evidence_retains_both_immutable_polynomials
        PASS [   0.007s] ( 868/1463) quest-polynomial::analysis conversions_return_enclosed_error_and_parity_is_admitted
        PASS [   0.006s] ( 869/1463) quest-polynomial::analysis exact_cosine_conversion_rejects_underflow_that_changes_the_polynomial
        PASS [   0.007s] ( 870/1463) quest-polynomial::analysis derivatives_keep_basis_families_and_intervals_enclose_original_parameters
        PASS [   0.008s] ( 871/1463) quest-polynomial::analysis explicit_conversion_preserves_complex_response_across_parameterized_bases
        PASS [   0.007s] ( 872/1463) quest-polynomial::analysis expression_metadata_preserves_the_original_function_structure
        PASS [   0.006s] ( 873/1463) quest-polynomial::analysis one_expression_evaluates_values_and_encloses_derivatives
        PASS [   0.007s] ( 874/1463) quest-polynomial::analysis extensions_require_an_explicit_consistency_assumption
        PASS [   0.074s] ( 875/1463) quest-numerics::exact_oracle exact_rational_decimal_pi_and_derivative_bounds
        PASS [   0.006s] ( 876/1463) quest-polynomial::bases admission_rejects_bad_parameters_nonfinite_payloads_and_storage_limits
        PASS [   0.006s] ( 877/1463) quest-polynomial::bases complex_laurent_support_is_preserved_and_zero_poles_are_errors
        PASS [   0.006s] ( 878/1463) quest-polynomial::bases cosine_laurent_conversion_preserves_complex_response_and_signed_support
        PASS [   0.010s] ( 879/1463) quest-polynomial::analysis remez_linear_square_matches_known_minimax_and_certifies_domain
        PASS [   0.045s] ( 880/1463) quest-numerics::shared_convolution shared_schedule_preserves_scalar_bits_and_output_storage
        PASS [   0.007s] ( 881/1463) quest-polynomial::bases named_bases_match_independent_low_degree_formulas
        PASS [   0.006s] ( 882/1463) quest-polynomial::bases storage_span_effective_support_and_degree_are_distinct
        PASS [   0.011s] ( 883/1463) quest-polynomial::analysis root_isolation_keeps_tangent_candidates_nonunique_and_reports_budget_exhaustion
        PASS [   0.007s] ( 884/1463) quest-polynomial::bases zero_padding_does_not_create_a_laurent_pole
        PASS [   0.007s] ( 885/1463) quest-polynomial::export_admission forged_support_cannot_hide_a_stored_coefficient_from_certification
        PASS [   0.006s] ( 886/1463) quest-polynomial::functions const_metadata_is_structural
        PASS [   0.007s] ( 887/1463) quest-polynomial::functions const_expression_and_independent_derivatives
        PASS [   0.008s] ( 888/1463) quest-polynomial::functions all_unary_rules_match_independent_analytic_derivatives
        PASS [   0.007s] ( 889/1463) quest-polynomial::functions constant_and_derivative_domain_contracts
        PASS [   0.019s] ( 890/1463) quest-polynomial::analysis remez_exp_converges_with_domain_enclosure_and_error_lower_bound
        PASS [   0.007s] ( 891/1463) quest-polynomial::functions evaluations_and_exchange_respect_work_budget
        PASS [   0.011s] ( 892/1463) quest-polynomial::export_admission forged_reimport_cannot_certify_a_different_payload
        PASS [   0.013s] ( 893/1463) quest-polynomial::export_admission certified_payload_is_frozen_before_a_stateful_conversion_can_change
        PASS [   0.008s] ( 894/1463) quest-polynomial::functions failures_retain_original_request_constants_shape_and_premise
        PASS [   0.006s] ( 895/1463) quest-polynomial::generic_storage admission_accounts_for_retained_high_precision_mantissas_and_vec_capacity
        PASS [   0.006s] ( 896/1463) quest-polynomial::generic_storage basis_recurrence_uses_backend_arithmetic_for_rational_coefficients
        PASS [   0.006s] ( 897/1463) quest-polynomial::generic_storage coefficient_shape_is_checked_before_publication
        PASS [   0.005s] ( 898/1463) quest-polynomial::generic_storage constant_and_zero_padding_avoid_irrelevant_basis_domain_arithmetic
        PASS [   0.006s] ( 899/1463) quest-polynomial::generic_storage complex_static_shape_keeps_conversion_and_norm_source_evidence
        PASS [   0.006s] ( 900/1463) quest-polynomial::generic_storage generic_admission_and_signed_shift_obey_work_and_support_limits
        PASS [   0.044s] ( 901/1463) quest-optimizer-client::process_contract memory_limit_is_applied_before_worker_execution
        PASS [   0.006s] ( 902/1463) quest-polynomial::generic_storage generic_jets_follow_the_same_point_and_enclosure_recurrence
        PASS [   0.006s] ( 903/1463) quest-polynomial::generic_storage multiprecision_recurrence_retains_rational_accuracy_and_noncopy_coefficients
        PASS [   0.006s] ( 904/1463) quest-polynomial::generic_storage retained_storage_counts_capacity_and_shared_allocation_headers
        PASS [   0.007s] ( 905/1463) quest-polynomial::generic_storage finite_linear_jacobi_does_not_evaluate_unused_higher_recurrences
        PASS [   0.006s] ( 906/1463) quest-polynomial::generic_storage scalar_validation_precedes_zero_and_support_shortcuts
        PASS [   0.006s] ( 907/1463) quest-polynomial::generic_storage signed_laurent_support_rejects_poles_and_preserves_removable_zeros
        PASS [   0.006s] ( 908/1463) quest-polynomial::linear_kernels both_kernels_obey_local_and_enclosing_work_budgets
        PASS [   0.007s] ( 909/1463) quest-polynomial::linear_kernels both_kernels_solve_a_pivoted_alternation_system
        PASS [   0.007s] ( 910/1463) quest-polynomial::linear_kernels faer_padding_and_scratch_are_admitted_for_tiny_systems
        PASS [   0.006s] ( 911/1463) quest-polynomial::norms budget_and_invalid_domain_cannot_masquerade_as_convergence
        PASS [   0.006s] ( 912/1463) quest-polynomial::norms certified_interval_norm_contains_analytic_interior_maximum
        PASS [   0.007s] ( 913/1463) quest-polynomial::linear_kernels rank_shape_and_every_input_are_checked
        PASS [   0.006s] ( 914/1463) quest-polynomial::linear_kernels unrepresentable_solution_cannot_be_reported_as_zero
        PASS [   0.007s] ( 915/1463) quest-polynomial::linear_kernels scaled_norms_handle_extreme_common_scales
        PASS [   0.008s] ( 916/1463) quest-polynomial::linear_kernels mp_rank_decision_uses_selected_precision
        PASS [   0.020s] ( 917/1463) quest-polynomial::functions static_degree_controls_primary_polynomial_shape
        PASS [   0.021s] ( 918/1463) quest-polynomial::functions move_only_extension_retains_assumption_and_ad
        PASS [   0.007s] ( 919/1463) quest-polynomial::norms representable_large_constant_norm_does_not_overflow_squaring
        PASS [   0.006s] ( 920/1463) quest-polynomial::norms symmetric_laurent_conversion_matches_identity_and_rejects_asymmetry
        PASS [   0.006s] ( 921/1463) quest-polynomial::norms zero_empty_point_and_pole_on_disc_boundary_have_distinct_results
        PASS [   0.005s] ( 922/1463) quest-polynomial::static_core dynamic_constant_function_preserves_input_admission
        PASS [   0.007s] ( 923/1463) quest-polynomial::remez_static explicit_precision_attempts_keep_the_original_owned_function
        PASS [   0.007s] ( 924/1463) quest-polynomial::static_core canonical_function_is_const_and_derivatives_share_its_body
        PASS [   0.007s] ( 925/1463) quest-polynomial::remez_static mp_certifies_below_binary64_floor_without_rounding_the_target
        PASS [   0.007s] ( 926/1463) quest-polynomial::remez_static higher_proof_precision_cannot_hide_binary64_export_error
        PASS [   0.006s] ( 927/1463) quest-polynomial::static_core first_derivative_does_not_request_a_second_derivative
        PASS [   0.006s] ( 928/1463) quest-polynomial::static_core identity_and_constant_targets_admit_input_before_shortcuts
        PASS [   0.007s] ( 929/1463) quest-polynomial::static_core exact_target_keeps_source_and_bounds_non_dyadic_rounding
        PASS [   0.005s] ( 930/1463) quest-polynomial::static_core owned_exact_decimal_is_not_first_rounded_to_binary64
        PASS [   0.005s] ( 931/1463) quest-polynomial::static_core vector_function_derives_a_checked_jacobian
        PASS [   0.006s] ( 932/1463) quest-polynomial::static_core shared_mathcore_expression_lowers_dynamic_and_exact_polynomial_once
        PASS [   0.013s] ( 933/1463) quest-polynomial::remez_static next_candidate_failure_retains_the_previous_candidate_and_cover
        PASS [   0.006s] ( 934/1463) quest-qasm::admission semantic_errors_own_their_source_after_resolver_drops
        PASS [   0.006s] ( 935/1463) quest-qasm::admission semantic_include_failure_owns_label_and_expansion_trace
        PASS [   0.006s] ( 936/1463) quest-qasm::admission semantic_resource_diagnostics_preserve_exact_usage
        PASS [   0.005s] ( 937/1463) quest-qasm::includes missing_cycle_and_include_budgets_return_owned_diagnostics
        PASS [   0.006s] ( 938/1463) quest-qasm::includes includes_preserve_order_and_own_all_source_snapshots
        PASS [   0.005s] ( 939/1463) quest-qasm::includes parser_budgets_keep_exact_resource_metadata
        PASS [   0.007s] ( 940/1463) quest-qasm::includes conflicting_source_identity_and_nested_include_are_rejected
        PASS [   0.020s] ( 941/1463) quest-polynomial::remez_static binary64_minimax_gap_is_distinct_from_uniform_error
        PASS [   0.005s] ( 942/1463) quest-qasm::roundtrip export_budgets_report_exact_resource_usage
        PASS [   0.006s] ( 943/1463) quest-qasm::roundtrip export_preserves_measurement_index_precedence_and_rejects_nontextual_types
        PASS [   0.005s] ( 944/1463) quest-qasm::roundtrip exporter_rejects_unresolved_captures_and_lexical_injection
        PASS [   0.006s] ( 945/1463) quest-qasm::roundtrip gate_operands_cannot_be_reinterpreted_as_parameters
        PASS [   0.007s] ( 946/1463) quest-qasm::roundtrip canonical_export_preserves_every_structured_syntax_variant
        PASS [   0.006s] ( 947/1463) quest-qasm::stdlib pinned_sources_and_only_documented_phase_corrections_are_exact
        PASS [   0.020s] ( 948/1463) quest-qasm::admission admitted_import_export_import_preserves_definitions_and_control
        PASS [   0.032s] ( 949/1463) quest-polynomial::norms complex_interval_and_disc_norms_enclose_analytic_values
        PASS [   0.011s] ( 950/1463) quest-qasm::stdlib only_exact_pinned_library_may_use_registry_intrinsics
        PASS [   0.006s] ( 951/1463) quest-qsp artifact::json::tests::canonical_bytes_digest_and_exact_limit_are_preserved
        PASS [   0.006s] ( 952/1463) quest-qsp artifact::json::tests::serialization_stops_visiting_values_at_the_byte_limit
        PASS [   0.010s] ( 953/1463) quest-qasm::stdlib shared_expanded_admission_validates_the_pinned_statement_body
        PASS [   0.006s] ( 954/1463) quest-qsp artifact::json::tests::incremental_output_grows_with_bounded_amortized_capacity
        PASS [   0.007s] ( 955/1463) quest-qsp admission::tests::interval_fft_encloses_independent_four_point_values
        PASS [   0.038s] ( 956/1463) quest-polynomial::norms laurent_poles_use_effective_support_and_off_origin_disc_is_bounded
        PASS [   0.006s] ( 957/1463) quest-qsp certification::interval::tests::nonfinite_input_is_not_erased_by_zero_or_absolute_shortcuts
        PASS [   0.006s] ( 958/1463) quest-qsp certification::interval::tests::zero_polynomial_does_not_hide_invalid_other_convolution_operand
        PASS [   0.006s] ( 959/1463) quest-qsp certification::interval::tests::stored_guard_digit_is_admitted_without_changing_its_dyadic_value
        PASS [   0.007s] ( 960/1463) quest-qsp certification::projector::tests::aggregate_conversion_storage_is_admitted_before_conversion
        PASS [   0.012s] ( 961/1463) quest-qsp artifact::tests::forged_receipt_never_replaces_independent_payload_verification
        PASS [   0.008s] ( 962/1463) quest-qsp certification::projector::tests::independent_projector_reconstruction_rejects_a_changed_phase
        PASS [   0.012s] ( 963/1463) quest-qsp artifact::tests::zero_storage_and_actual_projector_recertification
        PASS [   0.032s] ( 964/1463) quest-polynomial::warm_evaluation warmed_scalar_interval_and_derivative_evaluation_allocate_nothing
        PASS [   0.006s] ( 965/1463) quest-qsp certification::tests::directed_interval_non_ties_and_nonfinite_endpoints_are_checked
        PASS [   0.006s] ( 966/1463) quest-qsp certification::tests::exact_admission_and_outward_summary_keep_the_smallest_subnormal
        PASS [   0.020s] ( 967/1463) quest-qsp admission::tests::circle_bound_admits_a_contracting_target_whose_coefficient_sum_exceeds_one
        PASS [   0.006s] ( 968/1463) quest-qsp certification::tests::interval_exact_dyadics_preserve_cancellation_and_complex_products
        PASS [   0.017s] ( 969/1463) quest-qsp artifact::tests::rejects_unknown_versions_nonfinite_values_and_forged_policy
        PASS [   0.097s] ( 970/1463) quest-optimizer-client::process_contract timeout_and_output_limit_kill_the_process_group
        PASS [   0.008s] ( 971/1463) quest-qsp certification::tests::exact_coefficient_violation_is_distinct_from_unestablished_bound
        PASS [   0.008s] ( 972/1463) quest-qsp certification::tests::multiprecision_acceptance_does_not_round_an_above_tolerance_bound_to_binary64
        PASS [   0.009s] ( 973/1463) quest-qsp certification::tests::precision_retries_verify_same_phase_export_and_separate_insufficient_bounds
        PASS [   0.007s] ( 974/1463) quest-qsp certification::tests::wx_conversion_is_checked_against_original_source_independently
        PASS [   0.008s] ( 975/1463) quest-qsp certification::tests::source_precision_memory_and_work_budgets_fail_explicitly
        PASS [   0.006s] ( 976/1463) quest-qsp kernel::inverse_tests::compact_windows_become_outputs_without_new_vector_storage
        PASS [   0.006s] ( 977/1463) quest-qsp kernel::inverse_tests::root_storage_boundary_and_singleton_pivot_checks
        PASS [   0.009s] ( 978/1463) quest-qsp certification::tests::wx_large_phase_uses_the_exact_export_without_period_reduction
        PASS [   0.006s] ( 979/1463) quest-qsp kernel::rhw_tests::half_cholesky_admits_work_and_memory_before_allocating
        PASS [   0.006s] ( 980/1463) quest-qsp precision::tests::finite_binary64_import_roundtrips_signed_zero_and_subnormal_at_65_bits
        PASS [   0.006s] ( 981/1463) quest-qsp precision::tests::native_domain_and_exponent_failures_are_typed
        PASS [   0.006s] ( 982/1463) quest-qsp sequence::retained_tests::converted_phase_bytes_use_capacity_including_excess
        PASS [   0.010s] ( 983/1463) quest-qsp::artifact complex_export_binds_every_control_and_rejects_corruption_and_budgets
        PASS [   0.011s] ( 984/1463) quest-qsp::artifact exact_payload_roundtrip_and_recertification
        PASS [   0.006s] ( 985/1463) quest-qsp::certification near_contractivity_boundary_is_verified_without_normalizing_export
        PASS [   0.013s] ( 986/1463) quest-qsp::certification frozen_complex_export_is_checked_independently_with_both_convolutions
        PASS [   0.010s] ( 987/1463) quest-qsp::certification wx_certification_reconstructs_exported_phases_and_source_conversion
        PASS [   0.007s] ( 988/1463) quest-qsp::completion_outer completed_payload_tracks_algorithm_and_preserves_common_completion_bits
        PASS [   0.038s] ( 989/1463) quest-qsp certification::tests::interval_fft_contains_direct_rational_convolution_with_exact_support
        PASS [   0.008s] ( 990/1463) quest-qsp::completion_outer completion_charges_four_nlft_transforms_and_five_rhw_transforms
        PASS [   0.035s] ( 991/1463) quest-qsp kernel::inverse_tests::reflections_only_root_matches_full_transfer_bits_and_shared_work
        PASS [   0.007s] ( 992/1463) quest-qsp::completion_outer completion_refinement_charges_all_attempts_and_residuals
        PASS [   0.009s] ( 993/1463) quest-qsp::completion_outer linear_weiss_completion_selects_the_zero_outside_the_closed_disc
        PASS [   0.007s] ( 994/1463) quest-qsp::default_algorithm default_solver_is_inverse_nlft_and_explicit_rhw_remains_available
        PASS [   0.006s] ( 995/1463) quest-qsp::float_conversion backend_exponent_extremes_and_signed_zero_keep_directional_semantics
        PASS [   0.029s] ( 996/1463) quest-qsp::certification higher_degree_symmetric_phases_certify_the_real_parity_wx_response
        PASS [   0.005s] ( 997/1463) quest-qsp::float_conversion directed_rounding_result_remains_an_exact_represented_dyadic
        PASS [   0.060s] ( 998/1463) quest-qsp certification::interval::tests::exact_trigonometric_pairs_match_separate_directed_primitives
        PASS [   0.006s] ( 999/1463) quest-qsp::float_conversion invalid_inputs_keep_nonfinite_and_precision_errors_distinct
        PASS [   0.006s] (1000/1463) quest-qsp::float_conversion sticky_bits_cross_multiple_limb_boundaries
        PASS [   0.005s] (1001/1463) quest-qsp::imported generalized_angle_import_keeps_the_final_k_matrix
        PASS [   0.007s] (1002/1463) quest-qsp::imported phase_convention_import_and_conversion_are_explicit
        PASS [   0.006s] (1003/1463) quest-qsp::mathcore_target exact_dynamic_source_lowers_once_then_synthesizes_qsp
        PASS [   0.006s] (1004/1463) quest-qsp::phase_conversion huge_phase_conversion_preserves_full_matrices_without_period_reduction
        PASS [   0.008s] (1005/1463) quest-qsp::imported symmetric_phase_admission_compares_actual_rotations_at_large_arguments
        PASS [   0.054s] (1006/1463) quest-qsp kernel::rhw_tests::structured_matches_independent_direct_block_rhw
        PASS [   0.006s] (1007/1463) quest-qsp::production canonical_degree_one_has_the_wx_imaginary_response_convention
        PASS [   0.007s] (1008/1463) quest-qsp::precision_boundary production_kernels_and_native_execution_cannot_dispatch_to_the_cold_backend
        PASS [   0.007s] (1009/1463) quest-qsp::phase_conversion ordinary_phase_shifts_keep_existing_bits_and_accumulate_diagnostics
        PASS [   0.022s] (1010/1463) quest-qsp::float_conversion midpoint_neighbors_round_with_sign_parity_and_gradual_underflow
        PASS [   0.010s] (1011/1463) quest-qsp::production canonical_freezing_checks_actual_exported_phase_trigonometry
        PASS [   0.006s] (1012/1463) quest-qsp::production generalized_constant_keeps_complex_phase_and_final_convention_factor
        PASS [   0.009s] (1013/1463) quest-qsp::production completion_accounts_for_live_payload_beside_fft_plan_and_repeated_work
        PASS [   0.006s] (1014/1463) quest-qsp::production generalized_linear_response_matches_direct_polynomial_on_the_circle
        PASS [   0.010s] (1015/1463) quest-qsp::production empty_generalized_laurent_is_zero_at_zero_and_positive_offset
        PASS [   0.010s] (1016/1463) quest-qsp::production frozen_generalized_matrix_product_matches_independent_expansion
        PASS [   0.007s] (1017/1463) quest-qsp::production target_admission_rechecks_retained_storage_after_policy_changes
        PASS [   0.009s] (1018/1463) quest-qsp::production nonsymmetric_cancellation_heavy_target_and_support_offset_are_retained
        PASS [   0.045s] (1019/1463) quest-qsp::default_algorithm both_algorithms_and_conventions_retain_identity_through_production_certification
        PASS [   0.010s] (1020/1463) quest-qsp::rhw both_real_parities_support_explicit_rhw_and_inverse_nlft
        PASS [   0.013s] (1021/1463) quest-qsp::production target_admission_rejects_negative_support_and_noncontractivity
        PASS [   0.010s] (1022/1463) quest-qsp::rhw contractivity_failure_distinguishes_witness_from_exhausted_bound
        PASS [   0.009s] (1023/1463) quest-qsp::rhw explicit_rhw_retains_algorithm_and_complex_response
        PASS [   0.005s] (1024/1463) quest-qsvt state_preparation::capacity_tests::retained_payload_counts_actual_coefficient_capacities
        PASS [   0.086s] (1025/1463) quest-qsp kernel::inverse_tests::shared_inverse_matches_each_available_backend_and_is_repeatable
        PASS [   0.018s] (1026/1463) quest-qsp::projector_certificate projector_certificate_applies_its_own_tolerance_and_budgets
        PASS [   0.009s] (1027/1463) quest-qsvt::analysis diagnostic_budget_covers_oracle_decomposition_metadata_before_materializing
        PASS [   0.007s] (1028/1463) quest-qsvt::analysis generalized_reports_use_physical_queries_without_standard_theorem_privileges
        PASS [   0.008s] (1029/1463) quest-qsvt::analysis diagnostics_preserve_global_phase_and_repeat_seeded_observations
        PASS [   0.016s] (1030/1463) quest-qsp::tutorials book_independent_certification_example_runs
        PASS [   0.007s] (1031/1463) quest-qsvt::analysis normalization_composition_preserves_enclosures_and_separate_oracle_errors
        PASS [   0.056s] (1032/1463) quest-qsp::float_conversion seeded_imports_equal_independent_integer_dyadics_at_multiple_precisions
        PASS [   0.008s] (1033/1463) quest-qsvt::analysis standard_bounds_are_conditional_outward_and_bound_to_actual_transform
        PASS [   0.006s] (1034/1463) quest-qsvt::commutative_identities arithmetic_stencil_complex_signs_bind_base_and_prep
        PASS [   0.007s] (1035/1463) quest-qsvt::commutative_identities all_offset_owners_are_admitted_before_first_arithmetic_record
        PASS [   0.008s] (1036/1463) quest-qsvt::analysis svd_reference_keeps_rectangular_odd_map_and_even_right_nullspace
        PASS [   0.007s] (1037/1463) quest-qsvt::commutative_identities cached_legacy_ids_retain_original_hash_cost_and_admit_stack
        PASS [   0.025s] (1038/1463) quest-qsp::tutorials book_binary64_polynomial_function_and_synthesis_examples_run
        PASS [   0.014s] (1039/1463) quest-qsvt::analysis seeded_matrix_diagnostic_observes_spectral_error_without_claiming_an_upper_bound
        PASS [   0.006s] (1040/1463) quest-qsvt::commutative_identities record_hash_work_is_admitted_before_portfolio_compilation
        PASS [   0.005s] (1041/1463) quest-qsvt::commutative_identities weighted_distinct_children_bind_signed_complex_weights
        PASS [   0.006s] (1042/1463) quest-qsvt::commutative_identities legacy_stencil_distinct_shifts_bind_complex_phases
        PASS [   0.007s] (1043/1463) quest-qsvt::commutative_identities disjoint_shift_offset_cancellations_do_not_alias_permutations
        PASS [   0.119s] (1044/1463) quest-qsp certification::tests::dyadic_twiddle_axes_octants_and_periodicity_use_exact_integer_reduction
        PASS [   0.008s] (1045/1463) quest-qsvt::compact_spaces compact_joint_spaces_keep_left_then_right_basis_order
        PASS [   0.008s] (1046/1463) quest-qsvt::compact_spaces constrained_ranges_preserve_packed_free_bit_order
        PASS [   0.007s] (1047/1463) quest-qsvt::compact_spaces malformed_constraints_and_ranges_are_rejected
        PASS [   0.009s] (1048/1463) quest-qsvt::compact_spaces large_spaces_remain_compact_and_cold_snapshots_obey_budget
        PASS [   0.014s] (1049/1463) quest-qsvt::compact_spaces coherent_reflections_admit_large_logical_spaces_without_dense_work
        PASS [   0.015s] (1050/1463) quest-qsvt::compact_spaces compact_ranges_partition_into_disjoint_exact_cubes
        PASS [   0.006s] (1051/1463) quest-qsvt::encodings coordinate_spaces_keep_independent_dimensions_and_caller_order
        PASS [   0.019s] (1052/1463) quest-qsvt::compact_spaces coherent_compact_phases_match_ordered_coordinates_including_failure_sectors
        PASS [   0.008s] (1053/1463) quest-qsvt::encodings complex_isometry_and_dense_projector_keep_conjugate_transpose
        PASS [   0.009s] (1054/1463) quest-qsvt::encodings encoding_builder_preserves_oracle_storage_and_logical_interfaces
        PASS [   0.007s] (1055/1463) quest-qsvt::lcu_plan mapped_selector_preserves_visitor_error_and_rejects_layout_before_emission
        PASS [   0.007s] (1056/1463) quest-qsvt::encodings whole_oracle_admission_does_not_reuse_individual_gate_tolerances
        PASS [   0.008s] (1057/1463) quest-qsvt::encodings explicit_unitary_premise_keeps_large_coordinate_encodings_compact
        PASS [   0.007s] (1058/1463) quest-qsvt::lcu_plan selector_admits_capacity_shared_work_and_returned_payload
        PASS [   0.006s] (1059/1463) quest-qsvt::lcu_plan selector_rejects_zero_nonfinite_and_incompatible_inputs
        PASS [   0.025s] (1060/1463) quest-qsvt::complex_hermitianized imaginary_odd_polynomial_preserves_its_phase_on_both_hermitianized_blocks
        PASS [   0.019s] (1061/1463) quest-qsvt::dense_encoding dense_dilation_rejects_insufficient_normalization_and_small_budget
        PASS [   0.006s] (1062/1463) quest-qsvt::lcu_plan shared_selector_matches_independent_whole_unitary_and_standalone_adjoint
        PASS [   0.023s] (1063/1463) quest-qsvt::dense_encoding dense_dilation_preserves_rectangular_complex_block_and_normalization
        PASS [   0.007s] (1064/1463) quest-qsvt::lcu_plan selector_retains_underflowing_nonzero_term_and_identity_of_zero_inputs
        PASS [   0.008s] (1065/1463) quest-qsvt::matching callback_failure_stops_replay_and_expansion_obeys_budget
        PASS [   0.006s] (1066/1463) quest-qsvt::matching history_adjoint_sign_permutation_changes_source_identity
        PASS [   0.006s] (1067/1463) quest-qsvt::matching_digest digest_retains_signed_zero_and_partition_order_independence
        PASS [   0.006s] (1068/1463) quest-qsvt::matching_digest digest_work_counts_padded_blocks_and_rejects_overflow
        PASS [   0.013s] (1069/1463) quest-qsvt::matching complex_rectangular_matching_extracts_independent_matrix
        PASS [   0.009s] (1070/1463) quest-qsvt::matching permutation_completion_closes_paths_and_preserves_cycles
        PASS [   0.009s] (1071/1463) quest-qsvt::matching remapped_outer_controls_preserve_inactive_states_and_adjoint
        PASS [   0.079s] (1072/1463) quest-qsp::projector_certificate actual_projector_export_is_independently_certified_for_both_parities
        PASS [   0.007s] (1073/1463) quest-qsvt::matching_digest opposite_phases_do_not_cancel_in_completed_record_admission
        PASS [   1.993s] (1074/1463) quest-cfd::constraint_recipe generated_mass_and_full_constraints_match_dense_physical_kernel
        PASS [   0.007s] (1075/1463) quest-qsvt::matching_resource resource_admission_rejects_broken_directory_and_work_before_gate_emission
        PASS [   0.008s] (1076/1463) quest-qsvt::matching_resource completed_record_hashes_are_admitted_as_constructor_work
        PASS [   0.007s] (1077/1463) quest-qsvt::matching_resource touched_directory_replays_large_padding_with_bounded_workspace
        PASS [   0.007s] (1078/1463) quest-qsvt::matching_resource resource_rejects_retained_capacity_and_gate_limits
        PASS [   0.020s] (1079/1463) quest-qsvt::matching full_reference_matches_gates_and_adjoint_in_every_failure_sector
        PASS [   0.006s] (1080/1463) quest-qsvt::matching_shards matching_shard_admission_rejects_wrong_ownership_and_malformed_records
        PASS [   0.006s] (1081/1463) quest-qsvt::matching_shards matching_shards_own_coefficients_and_completion_without_parent_storage
        PASS [   0.010s] (1082/1463) quest-qsvt::mathcore_target exact_dynamic_target_reaches_qsvt_route_without_losing_source
        PASS [   0.013s] (1083/1463) quest-qsvt::materialization independent_materialization_keeps_controlled_phase_and_adjoint_order
        PASS [   0.009s] (1084/1463) quest-qsvt::owned_replay conversion_admission_charges_owned_phase_capacity_for_both_constructors
        PASS [   0.012s] (1085/1463) quest-qsvt::owned_replay external_source_with_rectangular_offset_projectors_drives_shared_schedule
        PASS [   0.006s] (1086/1463) quest-qsvt::owned_replay finite_large_projector_phases_do_not_overflow_during_lowering
        PASS [   0.008s] (1087/1463) quest-qsvt::owned_replay owning_contract_checks_clean_workspace_and_admission_before_mutation
        PASS [   0.009s] (1088/1463) quest-qsvt::owned_replay generic_transform_remaps_all_steps_and_signed_controls
        PASS [   0.021s] (1089/1463) quest-qsvt::matrix_transforms complex_isometry_and_dense_projector_routes_preserve_ordered_logical_bases
        PASS [   0.006s] (1090/1463) quest-qsvt::owned_replay schedules_reject_descriptor_mismatches_and_preserve_compact_large_spaces
        PASS [   0.007s] (1091/1463) quest-qsvt::owned_replay stencil_operator_identity_is_separate_from_color_order_construction
        PASS [   0.031s] (1092/1463) quest-qsvt::matching_resource resource_stream_matches_complete_matching_unitary_and_exact_gate_adjoint
        PASS [   0.024s] (1093/1463) quest-qsvt::owned_replay arithmetic_stencil_schedule_matches_portable_whole_unitary_in_both_orientations
        PASS [   0.006s] (1094/1463) quest-qsvt::pauli decomposition_uses_trace_convention_for_complex_nonhermitian_matrix
        PASS [   0.007s] (1095/1463) quest-qsvt::pauli decomposition_preserves_subnormal_identity_and_finite_huge_averages
        PASS [   0.006s] (1096/1463) quest-qsvt::pauli scalar_zero_shape_nonfinite_and_resource_boundaries_are_explicit
        PASS [   0.006s] (1097/1463) quest-qsvt::pauli two_qubit_tensor_order_is_little_endian_and_round_trip_is_complete
        PASS [   0.007s] (1098/1463) quest-qsvt::portfolio_composition composition_identifies_term_order_and_rejects_incompatible_or_unadmitted_sources
        PASS [   0.032s] (1099/1463) quest-qsvt::matrix_transforms standard_degree_three_preserves_wx_conventions_on_rectangular_complex_inputs
        PASS [   0.008s] (1100/1463) quest-qsvt::portfolio_composition paired_complex_coefficient_signs_change_lcu_operator_identity
        PASS [   0.014s] (1101/1463) quest-qsvt::portfolio_composition weighted_complex_lcu_extracts_sum_and_preserves_every_failure_branch
        PASS [   0.017s] (1102/1463) quest-qsvt::portfolio_comparison same_circulant_block_and_counted_costs_across_eligible_portfolio
        PASS [   0.010s] (1103/1463) quest-qsvt::portfolio_resource_curves independent_gate_limit_and_constructor_byte_limit_remain_active
        PASS [   0.017s] (1104/1463) quest-qsvt::portfolio_composition tensor_and_kronecker_sum_use_independent_clean_workspaces
        PASS [   0.012s] (1105/1463) quest-qsvt::portfolio_resource_curves constructed_resource_curves_count_both_orientations_with_real_layouts
        PASS [   0.006s] (1106/1463) quest-qsvt::portfolio_review_regressions lcu_rejects_known_metadata_work_before_opaque_child_callbacks
        PASS [   0.007s] (1107/1463) quest-qsvt::portfolio_review_regressions lcu_metadata_preparation_and_child_scans_share_compile_and_gate_allowances
        PASS [   0.008s] (1108/1463) quest-qsvt::portfolio_review_regressions lcu_validates_zero_weight_input_descriptors_before_any_child_scan
        PASS [   0.027s] (1109/1463) quest-qsvt::phase_conversion huge_imported_phases_keep_full_complex_qsvt_blocks_and_finite_diagnostics
        PASS [   0.032s] (1110/1463) quest-qsvt::phase_conversion certified_converted_phases_bind_to_rectangular_transform_and_analysis
        PASS [   0.007s] (1111/1463) quest-qsvt::portfolio_review_regressions tensor_dry_runs_share_a_work_allowance_before_and_during_child_replay
        PASS [   0.007s] (1112/1463) quest-qsvt::portfolio_review_regressions underflowed_lcu_mass_retains_and_charges_the_whole_unitary_branch
        PASS [   0.005s] (1113/1463) quest-qsvt::portfolio_sparse_access qrom_xor_lookup_unlookup_is_reversible_on_dirty_outputs
        PASS [   0.023s] (1114/1463) quest-qsvt::portfolio_resource_curves shared_count_budget_rejects_before_a_second_orientation_without_free_work
        PASS [   0.025s] (1115/1463) quest-qsvt::portfolio_review_regressions kronecker_sum_bridges_distinct_generic_left_and_right_workspaces
        PASS [   0.008s] (1116/1463) quest-qsvt::reciprocal reciprocal_is_odd_bounded_and_has_independent_error_bound
        PASS [   0.017s] (1117/1463) quest-qsvt::portfolio_sparse_access explicit_sparse_precision_is_observed_and_table_work_is_never_free
        PASS [   0.006s] (1118/1463) quest-qsvt::reciprocal reciprocal_rejects_inconsistent_spectrum_and_preserves_physical_scale
        PASS [   0.019s] (1119/1463) quest-qsvt::portfolio_sparse_access explicit_sparse_access_lookup_value_unlookup_extracts_quantized_complex_matrix
        PASS [   0.041s] (1120/1463) quest-qsvt::portfolio_matching per_color_bounds_reduce_normalization_and_preserve_complex_rectangular_operator
        PASS [   0.007s] (1121/1463) quest-qsvt::reciprocal_review reciprocal_admits_large_byte_budget_and_reports_contractivity
        PASS [   0.020s] (1122/1463) quest-qsvt::portfolio_structured tensor_zero_boundary_flags_union_of_invalid_axes_and_reports_actual_costs
        PASS [   0.007s] (1123/1463) quest-qsvt::reciprocal_review reciprocal_residual_budget_keeps_response_and_execution_errors_explicit
        PASS [   0.007s] (1124/1463) quest-qsvt::reciprocal_review reciprocal_storage_admission_includes_retained_spectral_provenance
        PASS [   0.007s] (1125/1463) quest-qsvt::reciprocal_review replay_rejects_nonfinite_amplitudes_generated_by_unitary_arithmetic
        PASS [   0.013s] (1126/1463) quest-qsvt::reciprocal_review exported_matching_schedule_owns_only_phase_payload_and_scalar_header
        PASS [   0.006s] (1127/1463) quest-qsvt::route_meaning basis_conversion_and_gram_reduction_keep_distinct_mathematical_targets
        PASS [   0.008s] (1128/1463) quest-qsvt::route_meaning binding_rejects_a_different_frozen_target_for_both_solvers
        PASS [   0.006s] (1129/1463) quest-qsvt::route_meaning route_binding_preserves_empty_source_span_instead_of_confusing_solver_padding
        PASS [   0.007s] (1130/1463) quest-qsvt::route_meaning explicit_unit_circle_transfer_preserves_offset_and_checks_padding_budget
        PASS [   0.006s] (1131/1463) quest-qsvt::state_preparation coherent_multiplexors_prepare_complex_padded_rhs_and_invert_on_every_branch
        PASS [   0.005s] (1132/1463) quest-qsvt::state_preparation coherent_preparation_retains_phase_under_negative_outer_controls
        PASS [   0.006s] (1133/1463) quest-qsvt::state_preparation preparation_rejects_zero_and_precharges_table_work_and_storage
        PASS [   0.009s] (1134/1463) quest-qsvt::structured mapped_shift_replay_respects_controls_and_exact_inverse
        PASS [   0.006s] (1135/1463) quest-qsvt::structured structured_shift_width_is_compact_and_invalid_ranges_fail
        PASS [   0.007s] (1136/1463) quest-qsvt::transform_schedule_factories descriptor_factory_retains_converted_payload_and_rejects_capacity
        PASS [   0.008s] (1137/1463) quest-qsvt::structured_stencil zero_stencil_large_width_and_resource_failures
        PASS [   0.038s] (1138/1463) quest-qsvt::reciprocal_review certified_schedule_uses_the_frozen_projector_payload
        PASS [   0.016s] (1139/1463) quest-qsvt::structured tensor_shift_gate_arithmetic_matches_modular_indices
        PASS [   0.007s] (1140/1463) quest-qsvt::transforms direct_route_rejects_full_oracle_nonhermiticity_and_projector_mismatch
        PASS [   0.007s] (1141/1463) quest-qsvt::transforms odd_multiplication_retains_bridge_and_source_at_reduced_degree_zero
        PASS [   0.014s] (1142/1463) quest-qsvt::transforms explicit_idle_high_qubits_preserve_block_and_fix_every_projection_to_zero
        PASS [   0.018s] (1143/1463) quest-qsvt::transform_schedule_factories descriptor_factory_uses_exact_certified_angles_and_attestation
        PASS [   0.007s] (1144/1463) quest-qsvt::transforms standard_degree_zero_and_one_keep_exact_readout_and_counts
        PASS [   0.020s] (1145/1463) quest-qsvt::transforms generalized_routes_preserve_complex_control_polynomials_and_query_counts
        PASS [   0.034s] (1146/1463) quest-qsvt::structured_stencil weighted_complex_stencil_and_whole_unitary_match_independent_formula
        PASS [   0.131s] (1147/1463) quest-qsvt::matrix_transforms rectangular_complex_generalized_routes_match_independent_matrix_polynomials
        PASS [   0.331s] (1148/1463) quest-qsp certification::tests::all_four_matrix_entries_match_independent_analytic_sparse_product
        PASS [   0.093s] (1149/1463) quest-qsvt::replay_transform lazy_matching_transform_matches_portable_whole_unitary
        PASS [   0.140s] (1150/1463) quest-qsvt::reciprocal_review truncated_positive_binomial_reciprocal_bounds_a_small_spectral_gap
        PASS [   0.518s] (1151/1463) quest-numerics::exact_oracle exact_rational_transcendental_and_basic_arithmetic_bounds
        PASS [   0.493s] (1152/1463) quest-optimizer-client::process_contract exited_leader_with_inherited_pipes_keeps_cleanup_ownership
        PASS [   1.844s] (1153/1463) quest-cfd::paired_history full_kvn_row_charges_diagnostic_and_distinct_assembly_work
        PASS [   0.270s] (1154/1463) quest-qsvt::portfolio_structured arithmetic_base_and_justified_prep_encode_toeplitz_and_circulants
        PASS [   0.218s] (1155/1463) quest-qsvt-cli execution::numerical_regressions::rank_admission_preserves_large_and_small_full_rank_matrices
        PASS [   0.217s] (1156/1463) quest-qsvt-cli execution::numerical_regressions::rectangular_full_rank_is_admitted_but_rectangular_rank_deficiency_is_rejected
        PASS [   0.222s] (1157/1463) quest-qsvt-cli execution::compiled_tests::route_binding_preserves_empty_source_identity_and_absolute_support
        PASS [   0.219s] (1158/1463) quest-qsvt-cli execution::scale_regressions::physical_scale_has_no_intermediate_underflow_or_overflow
        PASS [   0.545s] (1159/1463) quest-polynomial::remez_static mp_nonconstant_minimax_gap_uses_mp_critical_point_enclosures
        PASS [   0.320s] (1160/1463) quest-qsvt-cli::application canonical_synthesis_exports_reimportable_frozen_phases_with_stage_timings
        PASS [   0.341s] (1161/1463) quest-qsvt-cli::application catalog_check_constructs_the_selected_target_instead_of_trusting_its_label
        PASS [   0.491s] (1162/1463) quest-qsvt::matching large_sparse_dimensions_reject_only_dense_expansion
        PASS [   0.330s] (1163/1463) quest-qsvt-cli::application catalog_lists_exact_twenty_one_families_and_rejects_nearby_selection
        PASS [   0.350s] (1164/1463) quest-qsvt-cli::application catalogue_export_constructs_exact_family_with_selected_algorithm
        PASS [   0.306s] (1165/1463) quest-qsvt-cli::application failed_input_admission_still_writes_a_failed_trace_without_output
        PASS [   0.331s] (1166/1463) quest-qsvt-cli::application certification_is_explicit_and_reports_every_attempt
        PASS [   0.331s] (1167/1463) quest-qsvt-cli::application failed_trace_export_retains_primary_dispatch_error
        PASS [   0.317s] (1168/1463) quest-qsvt-cli::application failed_worker_preflight_produces_no_dispatch_trace
        PASS [   0.322s] (1169/1463) quest-qsvt-cli::application generalized_synthesis_preserves_matrix_export_and_rejects_phase_input
        PASS [   0.319s] (1170/1463) quest-qsvt-cli::application new_workflows_keep_matrix_and_physical_state_contracts_at_parse_time
        PASS [   0.313s] (1171/1463) quest-qsvt-cli::compiled_artifact both_algorithms_have_explicit_sequence_exports_without_precision_fallback
        PASS [   0.318s] (1172/1463) quest-qsvt-cli::application worker_selection_parses_auto_and_preserves_the_serial_default
        PASS [   0.326s] (1173/1463) quest-qsvt-cli::application trace_outer_scope_is_application_dispatch_after_preflight
        PASS [   0.349s] (1174/1463) quest-qsvt-cli::application solver_defaults_are_inverse_nlft_and_catalogue_algorithm_is_selectable
        PASS [   0.327s] (1175/1463) quest-qsvt-cli::compiled_artifact certification_request_cannot_silently_discard_evidence_in_sequence_export
        PASS [   0.345s] (1176/1463) quest-qsvt-cli::compiled_artifact certified_cli_export_retains_receipt_and_reloads_both_conventions
        PASS [   1.011s] (1177/1463) quest-qsp::certification dense_complex_product_tree_overlaps_direct_all_four_coefficients
        PASS [   0.213s] (1178/1463) quest-qsvt-io::catalog aggregate_budget_counts_every_retained_family_even_for_shared_storage
        PASS [   1.825s] (1179/1463) quest-cfd::transport lifted_nonlinear_smoke_is_compared_with_identical_full_dg_trajectories
        PASS [   0.216s] (1180/1463) quest-qsvt-io::catalog external_raw_and_virtual_coefficients_are_rejected_before_reading
        PASS [   0.259s] (1181/1463) quest-qsvt-io::catalog budgets_and_failed_external_sources_do_not_poison_future_loads
        PASS [   2.970s] (1182/1463) quest-cfd::classical_history burgers_history_refines_time_at_fixed_full_physical_and_lift_dimensions
        PASS [   0.211s] (1183/1463) quest-qsvt-io::catalog family_storage_budget_rejects_oversized_manifest_before_hdf5_admission
        PASS [   0.516s] (1184/1463) quest-qsvt-cli::native_application complex_solve_recovers_physical_norm_and_separately_checks_residual
        PASS [   0.215s] (1185/1463) quest-qsvt-io::catalog malformed_rank_nonfinite_parity_and_support_are_rejected
        PASS [   0.535s] (1186/1463) quest-qsvt-cli::native_application generalized_auto_uses_full_hermitianization_and_retains_both_logical_sides
        PASS [   2.581s] (1187/1463) quest-cfd::physical_boundary polynomial_lid_body_force_and_lifting_derivative_match_independent_complete_assemblies
        PASS [   0.211s] (1188/1463) quest-qsvt-io::catalog symbolic_coefficient_links_are_rejected_before_reading
        PASS [   0.231s] (1189/1463) quest-qsvt-io::catalog official_dataset_preserves_all_original_binary64_coefficients
        PASS [   0.218s] (1190/1463) quest-qsvt-io::compiled compiled_evidence_survives_execution_wire_and_rejects_payload_changes
        PASS [   0.211s] (1191/1463) quest-qsvt-io::cpp_reference generalized_complex_controls_match_cpp_including_every_matrix_entry_and_k_factor
        PASS [   0.503s] (1192/1463) quest-qsvt-cli::native_application solve_rejects_rank_deficiency_before_publishing_output
        PASS [   0.215s] (1193/1463) quest-qsvt-io::hdf5 block_encoding_roundtrip_preserves_isometry_columns_and_metadata
        PASS [   0.213s] (1194/1463) quest-qsvt-io::hdf5 canonical_matrix_writer_preserves_rectangular_complex_values_and_rejects_before_replacing_file
        PASS [   0.573s] (1195/1463) quest-qsvt-cli::no_multiprecision production_failure_and_native_execution_are_independent_of_cold_verification
        PASS [   0.215s] (1196/1463) quest-qsvt-io::hdf5 dense_rectangular_preserves_h5py_and_cpp_complex_order
        PASS [   0.214s] (1197/1463) quest-qsvt-io::hdf5 invalid_dtype_shape_nonfinite_and_budget_are_rejected_before_output_replacement
        PASS [   0.211s] (1198/1463) quest-qsvt-io::hdf5 sparse_one_based_duplicates_sum_in_declared_csr_and_csc_order
        PASS [   0.211s] (1199/1463) quest-qsvt-io::hdf5 state_roundtrip_and_variable_string_attributes_preserve_imaginary_values
        PASS [   0.213s] (1200/1463) quest-qsvt-io::hdf5 unsupported_numeric_storage_nonfinite_input_and_bad_sparse_indices_fail
        PASS [   0.211s] (1201/1463) quest-qsvt-io::interchange canonical_phase_and_polynomial_json_round_trip
        PASS [   0.803s] (1202/1463) quest-qsvt-cli::native_application matrix_embedding_auto_routes_and_physical_register_io_preserve_postselected_state
        PASS [   0.208s] (1203/1463) quest-qsvt-io::interchange checked_angle_constructor_has_one_admitted_execution_authority
        PASS [   0.210s] (1204/1463) quest-qsvt-io::interchange complex_frozen_control_components_round_trip_exactly
        PASS [   0.802s] (1205/1463) quest-qsvt-cli::native_application native_embedded_and_overlap_preserve_complex_phase_and_mass
        PASS [   0.211s] (1206/1463) quest-qsvt-io::interchange execution_matrix_words_preserve_subnormal_and_signed_zero_bits
        PASS [   0.210s] (1207/1463) quest-qsvt-io::interchange frozen_controls_remain_authority_when_source_angles_differ
        PASS [   0.213s] (1208/1463) quest-qsvt-io::interchange frozen_execution_rejects_competing_matrix_and_angle_authorities
        PASS [   2.890s] (1209/1463) quest-cfd::physical_mesh periodic_unequal_tetrahedra_use_declared_full_work_allowance
        PASS [   0.213s] (1210/1463) quest-qsvt-io::interchange frozen_execution_retains_signed_zero_source_angle_bits
        PASS [   0.213s] (1211/1463) quest-qsvt-io::interchange frozen_payload_duplicate_fields_are_rejected_for_both_readers
        PASS [   2.383s] (1212/1463) quest-cfd::temporal_encoding structured_time_map_matches_independent_completed_unitary_and_complex_interference
        PASS [   0.214s] (1213/1463) quest-qsvt-io::interchange imported_angles_keep_source_and_exact_frozen_execution_words
        PASS [   0.211s] (1214/1463) quest-qsvt-io::interchange interchange_known_null_fields_cannot_hide_competing_payloads
        PASS [   0.209s] (1215/1463) quest-qsvt-io::interchange interchange_rejects_competing_payload_families_and_orphan_angle_words
        PASS [   0.209s] (1216/1463) quest-qsvt-io::interchange interchange_rejects_duplicate_known_fields_before_payload_admission
        PASS [   0.211s] (1217/1463) quest-qsvt-io::interchange interchange_rejects_overdeep_or_unrepresentable_unknown_metadata
        PASS [   0.212s] (1218/1463) quest-qsvt-io::interchange polynomial_metadata_defaults_parameters_and_support_survive_interchange
        PASS [   0.212s] (1219/1463) quest-qsvt-io::interchange sparse_builder_budget_counts_pointer_storage
        PASS [   0.209s] (1220/1463) quest-qsvt-io::interchange sparse_densification_keeps_complex_duplicates_and_one_based_csc
        PASS [   0.211s] (1221/1463) quest-qsvt-io::interchange sparse_builder_rejects_retained_spare_capacity
        PASS [   0.004s] (1222/1463) quest-qsvt-io::sparse_stream admitted_external_runs_merge_and_clean_up
        PASS [   0.004s] (1223/1463) quest-qsvt-io::sparse_stream file_owner_capacity_is_available_before_any_record_write
        PASS [   0.004s] (1224/1463) quest-qsvt-io::sparse_stream scratch_store_charges_retained_path_capacity
        PASS [   0.006s] (1225/1463) quest-rs collective_admission::tests::controlled_oracle_dense_embedding_and_cache_profiles_are_admitted
        PASS [   0.004s] (1226/1463) quest-symbolic tests::binding_ignores_unrelated_program_parameters
        PASS [   0.006s] (1227/1463) quest-rs collective_admission::tests::negative_phase_controls_admit_the_native_x_wrappers
        PASS [   0.004s] (1228/1463) quest-symbolic tests::independent_replay_admits_exact_cancellation_at_width_limit
        PASS [   0.212s] (1229/1463) quest-qsvt-io::interchange sparse_io_exposes_canonical_numerical_storage
        PASS [   0.004s] (1230/1463) quest-symbolic tests::independent_replay_rejects_incorrect_canonicalizer_coefficients
        PASS [   0.006s] (1231/1463) quest-rs collective_admission::tests::one_amplitude_per_rank_accepts_diagonal_but_rejects_dense_primitives
        PASS [   0.006s] (1232/1463) quest-symbolic tests::independent_shared_dag_comparison_is_bounded
        PASS [   0.006s] (1233/1463) quest-symbolic tests::shared_doubling_keeps_equality_bounded_and_source_obligations
        PASS [   0.004s] (1234/1463) quest-synthesis budget_tests::byte_reservation_restores_limits_on_success_and_failure
        PASS [   0.006s] (1235/1463) quest-rs collective_admission::unitary_controls_tests::dense_unitary_uses_target_count_and_general_keeps_embedding_bound
        PASS [   0.209s] (1236/1463) quest-qsvt-io::interchange typed_interchange_retains_shape_support_and_count_admission
        PASS [   0.005s] (1237/1463) quest-rs execution::matrix_budget_tests::conditional_numerical_occurrences_reuse_only_matching_control_profile
        PASS [   0.005s] (1238/1463) quest-synthesis grid::tests::orthogonal_rational_storage_obeys_coefficient_bounds
        PASS [   0.006s] (1239/1463) quest-rs execution::matrix_resource_tests::admission_uses_dispatch_recipe_and_exact_signed_alias_identity
        PASS [   0.006s] (1240/1463) quest-rs execution::matrix_resource_tests::scalar_native_embedding_and_overflow_precede_admission_publication
        PASS [   0.008s] (1241/1463) quest-rs execution::unitary_resource_tests::evidence_separates_native_cache_and_original_target_storage
        PASS [   0.027s] (1242/1463) quest-synthesis grid::tests::exact_epsilon_cap_is_contained_in_the_search_sphere
        PASS [   0.006s] (1243/1463) quest-synthesis norm_equation::tests::prime_norms_and_unit_associates
        PASS [   0.207s] (1244/1463) quest-qsvt-io::interchange zero_entry_sparse_budget_has_exact_pointer_boundary
        PASS [   0.008s] (1245/1463) quest-rs oracle_execution::tests::cached_oracle_profile_still_validates_depth_and_width
        PASS [   0.004s] (1246/1463) quest-synthesis norm_equation::tests::unresolved_is_not_impossible_and_work_is_bounded
        PASS [   0.007s] (1247/1463) quest-rs oracle_execution::tests::inventory_keeps_distinct_profiles_and_deepest_shared_path
        PASS [   0.007s] (1248/1463) quest-rs oracle_execution::tests::oracle_discovery_and_retained_profiles_share_one_budget
        PASS [   0.213s] (1249/1463) quest-qsvt-io::sharded_matching manifest_bucket_budget_precedes_decoding_an_excess_receipt
        PASS [   0.007s] (1250/1463) quest-rs oracle_execution::tests::profile_discovery_obeys_the_preparation_budget
        PASS [   0.008s] (1251/1463) quest-rs oracle_execution::tests::remapping_reuses_storage_and_rejects_unadmitted_growth
        PASS [   0.213s] (1252/1463) quest-qsvt-io::sharded_matching manifest_charges_encoded_and_decoded_storage_together
        PASS [   0.213s] (1253/1463) quest-qsvt-io::sharded_matching manifest_rejects_escaped_strings_before_serde_scratch_allocation
        PASS [   0.008s] (1254/1463) quest-rs output_storage::tests::collective_output_encoding_binds_values_and_execution_counts
        PASS [   0.215s] (1255/1463) quest-qsvt-io::sharded_matching manifest_rejects_large_filename_before_copying_it
        PASS [   0.005s] (1256/1463) quest-synthesis::exact bad_unitaries_and_work_exhaustion_are_distinct
        PASS [   0.008s] (1257/1463) quest-rs output_storage::tests::scalar_output_admission_includes_names_and_map_cells
        PASS [   0.008s] (1258/1463) quest-rs qsvt::matching_lcu_transform::constructor_tests::constructor_includes_coordination_before_allocation
        PASS [   0.216s] (1259/1463) quest-qsvt-io::sharded_matching obsolete_additive_fnv_manifest_version_is_rejected
        PASS [   0.085s] (1260/1463) quest-synthesis grid::tests::reduced_lattice_finds_exact_diagonal_at_twelve_digits
        PASS [   0.007s] (1261/1463) quest-rs qsvt::matching_lcu_transform::constructor_tests::degree_zero_preflight_includes_coordination
        PASS [   0.011s] (1262/1463) quest-synthesis::exact exact_one_qubit_matrix_synthesis_retains_all_scalar_phases
        PASS [   0.008s] (1263/1463) quest-rs qsvt::matching_lcu_transform::constructor_tests::preflight_checks_overall_work_floors_before_coordination
        PASS [   0.209s] (1264/1463) quest-qsvt-io::sharded_matching shard_admission_charges_chunk_buffers_and_frozen_angle_consistency
        PASS [   0.074s] (1265/1463) quest-synthesis::approximation pi_over_four_is_not_exactly_t_and_work_is_request_owned
        PASS [   0.218s] (1266/1463) quest-qsvt-io::sharded_matching opened_bucket_owns_snapshot_and_rejects_incompatible_repartition
        PASS [   0.008s] (1267/1463) quest-rs qsvt::matching_lcu_transform::constructor_tests::source_rollup_arithmetic_is_admitted_before_execution
        PASS [   0.020s] (1268/1463) quest-synthesis::exact matsumoto_amano_is_canonical_across_cancelling_words
        PASS [   0.006s] (1269/1463) quest-synthesis::resources cancellation_precision_and_resource_exhaustion_are_distinct
        PASS [   0.008s] (1270/1463) quest-rs qsvt::reporting::tests::nested_shared_adjoint_calls_count_decomposition_and_signed_controls
        PASS [   0.006s] (1271/1463) quest-rs qsvt::reporting::tests::unrepresentable_dispatch_totals_fail_before_execution
        PASS [   0.008s] (1272/1463) quest-rs qsvt::transform_execution::tests::compact_projectors_preserve_offset_fixed_value_and_logical_bit_order
        PASS [   0.210s] (1273/1463) quest-qsvt-io::sharded_matching shard_file_admission_reserves_header_and_final_partial_chunk
        PASS [   0.100s] (1274/1463) quest-synthesis::approximation affine_and_dyadic_candidates_are_independently_certified
        PASS [   0.007s] (1275/1463) quest-synthesis::resources exact_work_limits_are_never_reported_as_rejected_evidence
        PASS [   0.007s] (1276/1463) quest-synthesis::resources normalization_accounts_for_retained_clifford_search_storage
        PASS [   0.219s] (1277/1463) quest-qsvt-io::sharded_matching shard_writer_rejects_wrong_owner_and_does_not_overwrite
        PASS [   0.214s] (1278/1463) quest-qsvt-io::sharded_matching sharded_hdf5_roundtrip_preserves_frozen_angles_and_reverse_chunks
        PASS [   0.218s] (1279/1463) quest-qsvt-io::sharded_matching sharded_manifest_rejects_incomplete_coverage_and_changed_files
        PASS [   0.095s] (1280/1463) quest-synthesis::resources concurrent_requests_keep_rng_and_precision_owned_by_the_request
        PASS [   0.117s] (1281/1463) quest-synthesis::newsynth pinned_newsynth_outputs_pass_independent_full_phase_certification
        PASS [   0.153s] (1282/1463) quest-synthesis::resources live_grid_storage_is_unavailable_to_candidate_callbacks
        PASS [   1.253s] (1283/1463) quest-qsvt-io sharded_matching::capacity_tests::read_capacity_admission_precedes_fill
        PASS [   0.215s] (1284/1463) xtask::precision_boundary numerical_arithmetic_and_native_execution_keep_precision_boundaries
        PASS [   0.223s] (1285/1463) xtask::precision_boundary packaged_high_degree_qsp_fixture_matches_the_canonical_catalog
        PASS [   0.210s] (1286/1463) xtask::bin/xtask generate::clang::tests::evaluated_header_context_is_forwarded_without_splitting_paths
        PASS [   0.210s] (1287/1463) xtask::bin/xtask generate::clang::tests::evaluated_sysroot_takes_precedence_over_fallback
        PASS [   1.422s] (1288/1463) quest-qsvt-cli::native_application rectangular_and_extreme_scale_solves_keep_physical_dimensions_and_finite_residuals
        PASS [   0.216s] (1289/1463) xtask::bin/xtask generate::clang::tests::evaluated_target_and_sysroot_are_not_repeated_from_cmake_flags
        PASS [   0.209s] (1290/1463) xtask::bin/xtask generate::clang::tests::libclang_error_mentions_expected_lookup_paths
        PASS [   2.187s] (1291/1463) quest-qsp::rhw seeded_offset_and_near_boundary_rhw_exports_are_independently_certified
        PASS [   0.210s] (1292/1463) xtask::bin/xtask generate::clang::tests::manifest_canonical_string_spelling_is_independent_of_standard_library
        PASS [   0.210s] (1293/1463) xtask::bin/xtask generate::classify::tests::disabling_validation_is_intentionally_excluded
        PASS [   0.211s] (1294/1463) xtask::bin/xtask generate::classify::tests::exact_adapter_entry_marks_only_that_overload_manual
        PASS [   0.210s] (1295/1463) xtask::bin/xtask generate::classify::tests::generated_classification_requires_exact_overload_key
        PASS [   0.637s] (1296/1463) quest-synthesis grid::tests::intersection_pruning_preserves_every_feasible_small_grid_point
        PASS [   0.212s] (1297/1463) xtask::bin/xtask generate::classify::tests::manual_adapters_are_distinct_from_generated_ones
        PASS [   0.210s] (1298/1463) xtask::bin/xtask generate::emit::tests::check_generated_file_detects_stale_contents
        PASS [   0.215s] (1299/1463) xtask::bin/xtask generate::emit::tests::checked_in_generator_files_do_not_contain_machine_paths
        PASS [   0.226s] (1300/1463) xtask::bin/xtask generate::emit::tests::conditional_mpi_coverage_keeps_common_inventory_stable
        PASS [   0.249s] (1301/1463) xtask::bin/xtask generate::emit::tests::conditional_mpi_coverage_checks_drift_even_when_api_disappears
        PASS [   0.225s] (1302/1463) xtask::bin/xtask generate::emit::tests::conditional_mpi_coverage_uses_logical_communicator_types
        PASS [   0.212s] (1303/1463) xtask::bin/xtask generate::emit::tests::generated_bridge_shares_the_public_complex_value_type
        PASS [   0.210s] (1304/1463) xtask::bin/xtask generate::emit::tests::generated_source_artifacts_are_stale_checked
        PASS [   0.210s] (1305/1463) xtask::bin/xtask generate::emit::tests::generation_requires_the_reviewed_adapter_registry
        PASS [   0.661s] (1306/1463) xtask::bin/xtask generate::clang::tests::explicit_broken_package_makes_generator_fixture_tests_fail
        PASS [   0.851s] (1307/1463) quest-synthesis::approximation quarter_pi_full_phase_candidate_at_twelve_digits
        PASS [   0.211s] (1308/1463) xtask::bin/xtask generate::emit::tests::pauli_control_families_have_generator_insertion_points
        PASS [   0.220s] (1309/1463) xtask::bin/xtask generate::emit::tests::pauli_family_descriptors_cover_the_registry_and_generated_sources
        PASS [   0.915s] (1310/1463) quest-synthesis::exact nonadjacent_basis_rows_preserve_gray_path_phases
        PASS [   0.212s] (1311/1463) xtask::bin/xtask generate::model::tests::generated_adapter_name_must_match_rust_bridge_symbol
        PASS [   0.210s] (1312/1463) xtask::bin/xtask generate::model::tests::generated_adapter_names_must_identify_one_overload
        PASS [   0.211s] (1313/1463) xtask::bin/xtask generate::model::tests::std_string_canonical_spelling_preserves_adapter_identity
        PASS [   4.496s] (1314/1463) quest-cfd::history_spectrum opt_in_spectral_evidence_executes_the_same_constant_inverse
        PASS [   0.210s] (1315/1463) xtask::bin/xtask native_consumers::tests::bare_macho_path_anchors_resolve_to_image_directories
        PASS [   0.210s] (1316/1463) xtask::bin/xtask native_consumers::tests::child_process_loader_overrides_are_removed
        PASS [   0.210s] (1317/1463) xtask::bin/xtask native_consumers::tests::consumer_build_uses_selected_cargo_without_a_rustup_toolchain_argument
        PASS [   1.003s] (1318/1463) quest-synthesis::approximation twelve_digit_basis_changes_and_signed_control_lift_preserve_the_certificate
        PASS [   0.948s] (1319/1463) quest-rs::compile_fail runtime_ownership_and_kind_contracts
        PASS [   0.007s] (1320/1463) quest-rs::compile_fail structured_preparation_is_not_send
        PASS [   0.211s] (1321/1463) xtask::bin/xtask native_consumers::tests::consumer_manifest_preserves_dependency_names_and_paths
        PASS [   0.209s] (1322/1463) xtask::bin/xtask native_consumers::tests::explicit_nonempty_work_directory_is_rejected_without_overwriting_it
        PASS [   1.059s] (1323/1463) quest-synthesis::approximation twelve_digit_rational_pi_and_affine_rotations_are_certified
        PASS [   0.229s] (1324/1463) xtask::bin/xtask native_consumers::tests::fixture_is_a_separate_workspace_with_all_consumer_shapes
        PASS [   0.210s] (1325/1463) xtask::bin/xtask native_consumers::tests::macho_evidence_rejects_a_shadowed_absolute_openmp_install_name
        PASS [   0.212s] (1326/1463) xtask::bin/xtask native_consumers::tests::macho_evidence_rejects_ambiguous_rpath_resolution
        PASS [   0.211s] (1327/1463) xtask::bin/xtask native_consumers::tests::macho_evidence_rejects_shadowed_rpath_and_loader_path_dependencies
        PASS [   0.210s] (1328/1463) xtask::bin/xtask native_consumers::tests::macho_evidence_requires_selected_quest_and_indirect_openmp
        PASS [   0.210s] (1329/1463) xtask::bin/xtask native_consumers::tests::macho_parsers_extract_rpaths_install_names_and_loaded_libraries
        PASS [   0.211s] (1330/1463) xtask::bin/xtask native_consumers::tests::native_pin_preserves_dependency_prefix_search_paths
        PASS [   0.212s] (1331/1463) xtask::bin/xtask native_consumers::tests::toolchain_channel_uses_toml_syntax_and_section
        PASS [   0.216s] (1332/1463) xtask::bin/xtask qsvt_catalog::tests::failed_download_keeps_the_previous_file_and_cleans_staging
        PASS [   0.214s] (1333/1463) xtask::bin/xtask tests::catalog_commands_are_explicit_and_reject_the_old_cpp_source
        PASS [   0.241s] (1334/1463) xtask::bin/xtask qsvt_catalog::tests::pinned_download_replaces_only_after_full_validation
        PASS [   0.209s] (1335/1463) xtask::bin/xtask tests::check_native_consumers_accepts_an_optional_work_directory
        PASS [   0.213s] (1336/1463) xtask::bin/xtask tests::native_consumers_accept_backend_list_in_either_option_order
        PASS [   0.208s] (1337/1463) xtask::bin/xtask tests::native_consumers_reject_invalid_backend_lists
        PASS [   0.212s] (1338/1463) xtask::bin/xtask tests::removed_and_trailing_arguments_are_rejected
        PASS [   0.282s] (1339/1463) quest-rs::deployment allocated_register_reports_actual_local_deployment
        PASS [   2.707s] (1340/1463) quest-qsvt-cli::native_application seeded_presets_are_reproducible_and_catalogue_solve_checks_domain_and_residual
        PASS [   4.260s] (1341/1463) quest-cfd::solve qsvt_solves_causal_history_with_physical_scale_and_success_mass
        PASS [   1.700s] (1342/1463) quest-synthesis::newsynth oracle_exact_matrices_resynthesize_and_normalize_with_all_phase_retained
        PASS [   4.394s] (1343/1463) quest-cfd::simplex taylor_green_projection_converges_under_independent_mesh_refinement
        PASS [   0.573s] (1344/1463) quest-rs::diagonal_contract diagonal_cache_preserves_order_signed_controls_and_density_adjoint
        PASS [   2.929s] (1345/1463) quest-qsvt-io::cpp_reference canonical_full_phase_matches_pinned_cpp_through_degree_8105
        PASS [   0.567s] (1346/1463) quest-rs::environment_lifecycle all_native_preparation_kinds_drop_before_environment
        PASS [   3.690s] (1347/1463) quest-qsvt-cli::native_application compiled_qsp_load_recertifies_and_retains_native_response_evidence
        PASS [   2.559s] (1348/1463) xtask::bin/xtask generate::clang::tests::libclang_extracts_representative_overloads
        PASS [   2.544s] (1349/1463) xtask::bin/xtask generate::classify::tests::classification_distinguishes_overloads_by_signature_shape
        PASS [   5.229s] (1350/1463) quest-compile::compile_fail invalid_dsl_and_semantic_capabilities_are_rejected
        PASS [   0.547s] (1351/1463) quest-rs::environment_lifecycle configuration_rejection_does_not_consume_native_attempt
        PASS [   0.551s] (1352/1463) quest-rs::environment_lifecycle duplicate_initialization_leaves_existing_owner_usable
        PASS [   3.832s] (1353/1463) quest-synthesis::exact controlled_h_and_phase_lower_to_elementary_gates_with_one_clean_wire
        PASS [   7.519s] (1354/1463) quest-cfd::kdv linear_airy_phase_and_auxiliary_error_refine_in_space_and_order
        PASS [   0.551s] (1355/1463) quest-rs::environment_lifecycle early_error_return_finalizes_borrowing_resources
        PASS [   0.546s] (1356/1463) quest-rs::environment_lifecycle orphaned_native_handle_retires_runtime_without_panicking
        PASS [   0.552s] (1357/1463) quest-rs::environment_lifecycle retirement_during_unwinding_preserves_the_original_panic
        PASS [   0.545s] (1358/1463) quest-rs::environment_lifecycle scope_exit_finalizes_and_owned_snapshot_survives
        PASS [   7.829s] (1359/1463) quest-qsp::certification cancellation_heavy_complex_degree64_direct_and_fft_enclosures_overlap
        PASS [   0.545s] (1360/1463) quest-rs::environment_lifecycle unwinding_destroys_resources_without_a_second_panic
        PASS [   0.005s] (1361/1463) quest-rs::matching_cost matching_cost_counts_every_protocol_round_and_separates_wire
        PASS [   0.005s] (1362/1463) quest-rs::matching_cost matching_cost_rejects_shape_and_overflow
        PASS [  10.363s] (1363/1463) quest-cfd::physical_pressure_observation autonomous_and_fixed_time_captures_preserve_full_coordinates_and_provenance
        PASS [  10.616s] (1364/1463) quest-cfd::physical_observation prepared_enstrophy_and_probes_keep_every_bdm_coordinate
        PASS [  11.526s] (1365/1463) quest-cfd::physical_order physical_h_and_p_refinement_improve_periodic_manufactured_projection
        PASS [  16.544s] (1366/1463) quest-cfd::physical_observation pressure_difference_and_solid_force_preserve_original_gauge_and_sign
        PASS [  23.946s] (1367/1463) quest-synthesis::exact no_ancilla_obeys_determinant_conditions_and_synthesizes_admitted_gates
        PASS [  20.917s] (1368/1463) quest-rs::matching_lcu prepared_weighted_matching_is_whole_unitary_and_admits_before_prepare
        PASS [   0.344s] (1369/1463) quest-rs::matching_lcu_transform prepared_lcu_transform_is_whole_unitary_and_admits_before_response
        PASS [   0.431s] (1370/1463) quest-rs::matching_runtime prepared_matching_preserves_all_sectors_controls_spectators_and_adjoint
        PASS [   0.004s] (1371/1463) quest-rs::native_admission count_chunks_preserve_whole_range_without_native_count_overflow
        PASS [   0.005s] (1372/1463) quest-rs::native_admission dense_partition_limit_and_replicated_storage_are_independent
        PASS [   0.004s] (1373/1463) quest-rs::native_admission density_native_rank_limit_uses_physical_qubits
        PASS [   0.004s] (1374/1463) quest-rs::native_admission distributed_full_diagonal_density_includes_gather_peak
        PASS [   0.540s] (1375/1463) quest-rs::oracle_runtime nested_shared_fragment_orientation_uses_one_native_matrix_pair
        PASS [   0.540s] (1376/1463) quest-rs::oracle_runtime oracle_control_variants_respect_transactional_preparation_budget
        PASS [   0.546s] (1377/1463) quest-rs::oracle_runtime oracle_snapshot_outlives_cached_native_resources
        PASS [   0.539s] (1378/1463) quest-rs::oracle_runtime payload_and_oracle_share_only_matching_signed_matrix_profiles
        PASS [   0.543s] (1379/1463) quest-rs::oracle_runtime retained_oracles_match_expanded_phase_target_and_density_semantics
        PASS [   0.540s] (1380/1463) quest-rs::oracle_runtime structured_oracle_profiles_and_nested_adjoint_reuse_prepared_bodies
        PASS [   0.538s] (1381/1463) quest-rs::oracle_runtime unused_oracle_capture_needs_no_native_cache
        PASS [   0.538s] (1382/1463) quest-rs::qsvt_compact compact_native_preparation_does_not_reserve_every_logical_coordinate
        PASS [   0.549s] (1383/1463) quest-rs::qsvt_compact compact_native_ranges_project_decode_and_condition_ordered_rectangular_spaces
        PASS [   0.538s] (1384/1463) quest-rs::qsvt_compact compact_overlap_prepares_by_scattering_without_dense_isometry
        PASS [   0.367s] (1385/1463) quest-rs::qsvt_matching_transform matching_transform_native_matches_portable_with_padding_spectators_and_adjoint
        PASS [   0.274s] (1386/1463) quest-rs::qsvt_native_dispatches successful_run_counts_native_decompositions_and_hadamard_readout
        PASS [   0.539s] (1387/1463) quest-rs::qsvt_runtime complex_isometry_projection_matches_canonical_projector_and_adjoint_decode
        PASS [   0.539s] (1388/1463) quest-rs::qsvt_runtime hadamard_overlap_retains_complex_phase_and_probability_ledger
        PASS [   0.538s] (1389/1463) quest-rs::qsvt_runtime prepared_transform_preserves_phase_mass_and_reuses_resources
        PASS [   0.573s] (1390/1463) quest-rs::qsvt_runtime rectangular_generalized_routes_match_full_subnormalized_references
        PASS [   0.539s] (1391/1463) quest-rs::qsvt_runtime zero_success_and_preparation_failure_release_borrows_and_storage
        PASS [   0.269s] (1392/1463) quest-rs::register_modes requested_modes_and_native_density_conversion
        PASS [   0.534s] (1393/1463) quest-rs::runtime bell_state_and_snapshot_survive_teardown
        PASS [   0.540s] (1394/1463) quest-rs::runtime builder_execution_samples_each_shot_from_zero
        PASS [   0.538s] (1395/1463) quest-rs::runtime changed_numerical_policy_is_rejected_before_mutation_or_seeding
        PASS [   0.539s] (1396/1463) quest-rs::runtime controlled_rotation_phase_matches_fused_and_unfused_execution
        PASS [   0.540s] (1397/1463) quest-rs::runtime density_channel_reset_and_classical_branch_are_effectful
        PASS [   0.537s] (1398/1463) quest-rs::runtime density_imaginary_entries_and_rectangular_blocks_keep_layout
        PASS [   0.536s] (1399/1463) quest-rs::runtime density_promotion_owns_an_independent_native_state
        PASS [   0.542s] (1400/1463) quest-rs::runtime diagonal_preparation_retains_structure_under_a_small_native_budget
        PASS [   0.539s] (1401/1463) quest-rs::runtime dimension_and_budget_reject_before_native_allocation
        PASS [   0.536s] (1402/1463) quest-rs::runtime execution_failure_reports_completed_prefix_and_keeps_partial_state
        PASS [   0.274s] (1403/1463) quest-rs::runtime facade_reports_preserve_exact_resource_usage
        PASS [   0.538s] (1404/1463) quest-rs::runtime nonsorted_numerical_targets_preserve_complex_operator_order
        PASS [   0.539s] (1405/1463) quest-rs::runtime numerical_density_evolution_uses_adjoint_and_signed_control
        PASS [   0.546s] (1406/1463) quest-rs::runtime openqasm31_u_phase_survives_native_adjoint_signed_controls_and_fusion
        PASS [   0.539s] (1407/1463) quest-rs::runtime preparation_accounts_for_retained_exact_angle_coefficients
        PASS [   0.537s] (1408/1463) quest-rs::runtime sample_output_graph_is_admitted_before_seeding
        PASS [   0.544s] (1409/1463) quest-rs::runtime scalar_numerical_operator_and_preparation_budget_have_checked_admission
        PASS [   0.538s] (1410/1463) quest-rs::shared_matrix_budget cloned_matrices_on_different_targets_share_one_native_budget
        PASS [   0.538s] (1411/1463) quest-rs::shared_matrix_budget different_signed_profiles_exceed_budget_without_disturbing_prepared_program
        PASS [   0.539s] (1412/1463) quest-rs::shared_matrix_budget matching_signed_controls_share_one_native_pair_across_target_orders
        PASS [   0.549s] (1413/1463) quest-rs::structured_optimization exact_structured_optimization_preserves_native_state_density_and_observations
        PASS [   0.541s] (1414/1463) quest-rs::structured_optimization terminal_structured_fusion_preserves_full_native_state_and_density_operators
        PASS [   0.538s] (1415/1463) quest-rs::structured_runtime immutable_specialization_reuses_dispatch_and_rejects_runtime_rebinding
        PASS [   0.542s] (1416/1463) quest-rs::structured_runtime prepared_static_dispatch_is_reused_with_dynamic_inputs_and_full_phase
        PASS [   0.539s] (1417/1463) quest-rs::structured_runtime runtime_loop_capture_once_and_step_failure_report_prefix
        PASS [   0.541s] (1418/1463) quest-rs::structured_runtime standard_cu_and_cx_preserve_full_phase_on_each_basis_column
        PASS [   0.538s] (1419/1463) quest-rs::structured_runtime structured_feedback_and_density_reset_preserve_observations
        PASS [   0.541s] (1420/1463) quest-rs::tutorials executable_native_tutorials_pass_in_an_isolated_process
        PASS [   0.542s] (1421/1463) quest-rs::unitary_matrix explicit_dense_unitaries_and_general_operators_match_whole_register_density
        PASS [   0.539s] (1422/1463) quest-rs::unitary_matrix loose_unitary_evidence_rejects_before_native_allocation_but_general_still_runs
        PASS [   0.542s] (1423/1463) quest-sys::adapters explicit_seeds_replay_measurement_sequences
        PASS [   0.539s] (1424/1463) quest-sys::adapters flat_matrix_preserves_complex_row_order_and_rejects_bad_dimensions
        PASS [   0.536s] (1425/1463) quest-sys::adapters global_phase_changes_statevector_and_preserves_density
        PASS [   0.537s] (1426/1463) quest-sys::adapters kraus_flat_matrices_apply_amplitude_damping
        PASS [   0.536s] (1427/1463) quest-sys::adapters numerical_fingerprint_detects_ambient_simd_changes
        PASS [   0.537s] (1428/1463) quest-sys::adapters rectangular_density_transfers_preserve_rows_and_columns
        PASS [   0.537s] (1429/1463) quest-sys::drop_cleanup drop_cleanup_before_initialization_does_not_consume_attempt
        PASS [   0.536s] (1430/1463) quest-sys::drop_cleanup drop_cleanup_finalizes_and_remains_idempotent
        PASS [   0.538s] (1431/1463) quest-sys::drop_cleanup drop_cleanup_from_another_thread_retires_without_native_finalization
        PASS [   0.534s] (1432/1463) quest-sys::drop_cleanup drop_cleanup_with_live_handle_permanently_retires_runtime
        PASS [   0.951s] (1433/1463) quest-sys::finalize finalize_succeeds_after_raii_handles_drop
        PASS [   0.538s] (1434/1463) quest-sys::local_indexed local_indexed_batches_validate_before_mutation
        PASS [   0.534s] (1435/1463) quest-sys::local_partitions local_partition_transfer_and_cube_union_are_checked
        PASS [   0.534s] (1436/1463) quest-sys::safety another_thread_cannot_finalize_an_active_environment
        PASS [   0.544s] (1437/1463) quest-sys::safety calls_before_initialization_return_lifecycle_errors
        PASS [   0.524s] (1438/1463) quest-sys::safety concurrent_initializers_admit_exactly_one_owner
        PASS [   0.926s] (1439/1463) quest-sys::safety custom_modes_accept_auto_and_reject_invalid_flags_before_native_init
        PASS [   0.536s] (1440/1463) quest-sys::safety density_pure_initialization_uses_statevector_dimension
        PASS [   0.539s] (1441/1463) quest-sys::safety duplicate_initialization_and_restart_are_lifecycle_errors
        PASS [   0.537s] (1442/1463) quest-sys::safety generated_global_calls_reject_another_thread
        PASS [   0.537s] (1443/1463) quest-sys::safety owner_identity_is_not_reused_after_its_thread_exits
        PASS [   0.538s] (1444/1463) quest-sys::safety validation_tolerance_cannot_disable_numerical_checks
        PASS [   0.932s] (1445/1463) quest-sys::test arbitrary_pure_state_accepts_complex_slices
        PASS [   0.914s] (1446/1463) quest-sys::test channel_handles_are_raii_owned
        PASS [   0.915s] (1447/1463) quest-sys::test decoherence_api_returns_results
        PASS [   0.921s] (1448/1463) quest-sys::test environment_api_uses_results_and_snake_case
        PASS [   0.914s] (1449/1463) quest-sys::test finalize_accounts_for_every_owned_native_resource_kind
        PASS [   0.922s] (1450/1463) quest-sys::test finalize_fails_while_raii_handles_are_live
        PASS [   0.922s] (1451/1463) quest-sys::test generated_diag_matrix_handles_are_raii_owned
        PASS [   0.918s] (1452/1463) quest-sys::test generated_initialisation_and_probability_apis_work
        PASS [   0.924s] (1453/1463) quest-sys::test generated_overloads_have_distinct_safe_adapters
        PASS [   0.918s] (1454/1463) quest-sys::test generated_pauli_control_families_preserve_axes_and_control_states
        PASS [   0.915s] (1455/1463) quest-sys::test invalid_inputs_return_quest_errors
        PASS [   0.918s] (1456/1463) quest-sys::test measurement_with_probability_returns_a_struct
        PASS [   0.914s] (1457/1463) quest-sys::test multiplication_api_uses_safe_matrix_wrappers
        PASS [   0.927s] (1458/1463) quest-sys::test nested_complex_matrix_inputs_are_flattened_safely
        PASS [   0.921s] (1459/1463) quest-sys::test primitive_operations_are_result_wrapped
        PASS [   0.919s] (1460/1463) quest-sys::test probability_outcomes_reject_duplicate_and_out_of_bounds_targets
        PASS [   0.917s] (1461/1463) quest-sys::test probability_outcomes_reject_invalid_target_counts_before_allocation
        PASS [   0.919s] (1462/1463) quest-sys::test qureg_lifecycle_is_raii
        PASS [   0.916s] (1463/1463) quest-sys::test trotterisation_accepts_raii_pauli_sums
────────────
     Summary [  86.759s] 1463 tests run: 1463 passed, 1 skipped
